time,f_inst_Hz
0.0000,0.500000
0.0100,0.500375
0.0200,0.500750
0.0300,0.501125
0.0400,0.501500
0.0500,0.501875
0.0600,0.502250
0.0700,0.502625
0.0800,0.503000
0.0900,0.503375
0.1000,0.503750
0.1100,0.504125
0.1200,0.504500
0.1300,0.504875
0.1400,0.505250
0.1500,0.505625
0.1600,0.506000
0.1700,0.506375
0.1800,0.506750
0.1900,0.507125
0.2000,0.507500
0.2100,0.507875
0.2200,0.508250
0.2300,0.508625
0.2400,0.509000
0.2500,0.509375
0.2600,0.509750
0.2700,0.510125
0.2800,0.510500
0.2900,0.510875
0.3000,0.511250
0.3100,0.511625
0.3200,0.512000
0.3300,0.512375
0.3400,0.512750
0.3500,0.513125
0.3600,0.513500
0.3700,0.513875
0.3800,0.514250
0.3900,0.514625
0.4000,0.515000
0.4100,0.515375
0.4200,0.515750
0.4300,0.516125
0.4400,0.516500
0.4500,0.516875
0.4600,0.517250
0.4700,0.517625
0.4800,0.518000
0.4900,0.518375
0.5000,0.518750
0.5100,0.519125
0.5200,0.519500
0.5300,0.519875
0.5400,0.520250
0.5500,0.520625
0.5600,0.521000
0.5700,0.521375
0.5800,0.521750
0.5900,0.522125
0.6000,0.522500
0.6100,0.522875
0.6200,0.523250
0.6300,0.523625
0.6400,0.524000
0.6500,0.524375
0.6600,0.524750
0.6700,0.525125
0.6800,0.525500
0.6900,0.525875
0.7000,0.526250
0.7100,0.526625
0.7200,0.527000
0.7300,0.527375
0.7400,0.527750
0.7500,0.528125
0.7600,0.528500
0.7700,0.528875
0.7800,0.529250
0.7900,0.529625
0.8000,0.530000
0.8100,0.530375
0.8200,0.530750
0.8300,0.531125
0.8400,0.531500
0.8500,0.531875
0.8600,0.532250
0.8700,0.532625
0.8800,0.533000
0.8900,0.533375
0.9000,0.533750
0.9100,0.534125
0.9200,0.534500
0.9300,0.534875
0.9400,0.535250
0.9500,0.535625
0.9600,0.536000
0.9700,0.536375
0.9800,0.536750
0.9900,0.537125
1.0000,0.537500
1.0100,0.537875
1.0200,0.538250
1.0300,0.538625
1.0400,0.539000
1.0500,0.539375
1.0600,0.539750
1.0700,0.540125
1.0800,0.540500
1.0900,0.540875
1.1000,0.541250
1.1100,0.541625
1.1200,0.542000
1.1300,0.542375
1.1400,0.542750
1.1500,0.543125
1.1600,0.543500
1.1700,0.543875
1.1800,0.544250
1.1900,0.544625
1.2000,0.545000
1.2100,0.545375
1.2200,0.545750
1.2300,0.546125
1.2400,0.546500
1.2500,0.546875
1.2600,0.547250
1.2700,0.547625
1.2800,0.548000
1.2900,0.548375
1.3000,0.548750
1.3100,0.549125
1.3200,0.549500
1.3300,0.549875
1.3400,0.550250
1.3500,0.550625
1.3600,0.551000
1.3700,0.551375
1.3800,0.551750
1.3900,0.552125
1.4000,0.552500
1.4100,0.552875
1.4200,0.553250
1.4300,0.553625
1.4400,0.554000
1.4500,0.554375
1.4600,0.554750
1.4700,0.555125
1.4800,0.555500
1.4900,0.555875
1.5000,0.556250
1.5100,0.556625
1.5200,0.557000
1.5300,0.557375
1.5400,0.557750
1.5500,0.558125
1.5600,0.558500
1.5700,0.558875
1.5800,0.559250
1.5900,0.559625
1.6000,0.560000
1.6100,0.560375
1.6200,0.560750
1.6300,0.561125
1.6400,0.561500
1.6500,0.561875
1.6600,0.562250
1.6700,0.562625
1.6800,0.563000
1.6900,0.563375
1.7000,0.563750
1.7100,0.564125
1.7200,0.564500
1.7300,0.564875
1.7400,0.565250
1.7500,0.565625
1.7600,0.566000
1.7700,0.566375
1.7800,0.566750
1.7900,0.567125
1.8000,0.567500
1.8100,0.567875
1.8200,0.568250
1.8300,0.568625
1.8400,0.569000
1.8500,0.569375
1.8600,0.569750
1.8700,0.570125
1.8800,0.570500
1.8900,0.570875
1.9000,0.571250
1.9100,0.571625
1.9200,0.572000
1.9300,0.572375
1.9400,0.572750
1.9500,0.573125
1.9600,0.573500
1.9700,0.573875
1.9800,0.574250
1.9900,0.574625
2.0000,0.575000
2.0100,0.575375
2.0200,0.575750
2.0300,0.576125
2.0400,0.576500
2.0500,0.576875
2.0600,0.577250
2.0700,0.577625
2.0800,0.578000
2.0900,0.578375
2.1000,0.578750
2.1100,0.579125
2.1200,0.579500
2.1300,0.579875
2.1400,0.580250
2.1500,0.580625
2.1600,0.581000
2.1700,0.581375
2.1800,0.581750
2.1900,0.582125
2.2000,0.582500
2.2100,0.582875
2.2200,0.583250
2.2300,0.583625
2.2400,0.584000
2.2500,0.584375
2.2600,0.584750
2.2700,0.585125
2.2800,0.585500
2.2900,0.585875
2.3000,0.586250
2.3100,0.586625
2.3200,0.587000
2.3300,0.587375
2.3400,0.587750
2.3500,0.588125
2.3600,0.588500
2.3700,0.588875
2.3800,0.589250
2.3900,0.589625
2.4000,0.590000
2.4100,0.590375
2.4200,0.590750
2.4300,0.591125
2.4400,0.591500
2.4500,0.591875
2.4600,0.592250
2.4700,0.592625
2.4800,0.593000
2.4900,0.593375
2.5000,0.593750
2.5100,0.594125
2.5200,0.594500
2.5300,0.594875
2.5400,0.595250
2.5500,0.595625
2.5600,0.596000
2.5700,0.596375
2.5800,0.596750
2.5900,0.597125
2.6000,0.597500
2.6100,0.597875
2.6200,0.598250
2.6300,0.598625
2.6400,0.599000
2.6500,0.599375
2.6600,0.599750
2.6700,0.600125
2.6800,0.600500
2.6900,0.600875
2.7000,0.601250
2.7100,0.601625
2.7200,0.602000
2.7300,0.602375
2.7400,0.602750
2.7500,0.603125
2.7600,0.603500
2.7700,0.603875
2.7800,0.604250
2.7900,0.604625
2.8000,0.605000
2.8100,0.605375
2.8200,0.605750
2.8300,0.606125
2.8400,0.606500
2.8500,0.606875
2.8600,0.607250
2.8700,0.607625
2.8800,0.608000
2.8900,0.608375
2.9000,0.608750
2.9100,0.609125
2.9200,0.609500
2.9300,0.609875
2.9400,0.610250
2.9500,0.610625
2.9600,0.611000
2.9700,0.611375
2.9800,0.611750
2.9900,0.612125
3.0000,0.612500
3.0100,0.612875
3.0200,0.613250
3.0300,0.613625
3.0400,0.614000
3.0500,0.614375
3.0600,0.614750
3.0700,0.615125
3.0800,0.615500
3.0900,0.615875
3.1000,0.616250
3.1100,0.616625
3.1200,0.617000
3.1300,0.617375
3.1400,0.617750
3.1500,0.618125
3.1600,0.618500
3.1700,0.618875
3.1800,0.619250
3.1900,0.619625
3.2000,0.620000
3.2100,0.620375
3.2200,0.620750
3.2300,0.621125
3.2400,0.621500
3.2500,0.621875
3.2600,0.622250
3.2700,0.622625
3.2800,0.623000
3.2900,0.623375
3.3000,0.623750
3.3100,0.624125
3.3200,0.624500
3.3300,0.624875
3.3400,0.625250
3.3500,0.625625
3.3600,0.626000
3.3700,0.626375
3.3800,0.626750
3.3900,0.627125
3.4000,0.627500
3.4100,0.627875
3.4200,0.628250
3.4300,0.628625
3.4400,0.629000
3.4500,0.629375
3.4600,0.629750
3.4700,0.630125
3.4800,0.630500
3.4900,0.630875
3.5000,0.631250
3.5100,0.631625
3.5200,0.632000
3.5300,0.632375
3.5400,0.632750
3.5500,0.633125
3.5600,0.633500
3.5700,0.633875
3.5800,0.634250
3.5900,0.634625
3.6000,0.635000
3.6100,0.635375
3.6200,0.635750
3.6300,0.636125
3.6400,0.636500
3.6500,0.636875
3.6600,0.637250
3.6700,0.637625
3.6800,0.638000
3.6900,0.638375
3.7000,0.638750
3.7100,0.639125
3.7200,0.639500
3.7300,0.639875
3.7400,0.640250
3.7500,0.640625
3.7600,0.641000
3.7700,0.641375
3.7800,0.641750
3.7900,0.642125
3.8000,0.642500
3.8100,0.642875
3.8200,0.643250
3.8300,0.643625
3.8400,0.644000
3.8500,0.644375
3.8600,0.644750
3.8700,0.645125
3.8800,0.645500
3.8900,0.645875
3.9000,0.646250
3.9100,0.646625
3.9200,0.647000
3.9300,0.647375
3.9400,0.647750
3.9500,0.648125
3.9600,0.648500
3.9700,0.648875
3.9800,0.649250
3.9900,0.649625
4.0000,0.650000
4.0100,0.650375
4.0200,0.650750
4.0300,0.651125
4.0400,0.651500
4.0500,0.651875
4.0600,0.652250
4.0700,0.652625
4.0800,0.653000
4.0900,0.653375
4.1000,0.653750
4.1100,0.654125
4.1200,0.654500
4.1300,0.654875
4.1400,0.655250
4.1500,0.655625
4.1600,0.656000
4.1700,0.656375
4.1800,0.656750
4.1900,0.657125
4.2000,0.657500
4.2100,0.657875
4.2200,0.658250
4.2300,0.658625
4.2400,0.659000
4.2500,0.659375
4.2600,0.659750
4.2700,0.660125
4.2800,0.660500
4.2900,0.660875
4.3000,0.661250
4.3100,0.661625
4.3200,0.662000
4.3300,0.662375
4.3400,0.662750
4.3500,0.663125
4.3600,0.663500
4.3700,0.663875
4.3800,0.664250
4.3900,0.664625
4.4000,0.665000
4.4100,0.665375
4.4200,0.665750
4.4300,0.666125
4.4400,0.666500
4.4500,0.666875
4.4600,0.667250
4.4700,0.667625
4.4800,0.668000
4.4900,0.668375
4.5000,0.668750
4.5100,0.669125
4.5200,0.669500
4.5300,0.669875
4.5400,0.670250
4.5500,0.670625
4.5600,0.671000
4.5700,0.671375
4.5800,0.671750
4.5900,0.672125
4.6000,0.672500
4.6100,0.672875
4.6200,0.673250
4.6300,0.673625
4.6400,0.674000
4.6500,0.674375
4.6600,0.674750
4.6700,0.675125
4.6800,0.675500
4.6900,0.675875
4.7000,0.676250
4.7100,0.676625
4.7200,0.677000
4.7300,0.677375
4.7400,0.677750
4.7500,0.678125
4.7600,0.678500
4.7700,0.678875
4.7800,0.679250
4.7900,0.679625
4.8000,0.680000
4.8100,0.680375
4.8200,0.680750
4.8300,0.681125
4.8400,0.681500
4.8500,0.681875
4.8600,0.682250
4.8700,0.682625
4.8800,0.683000
4.8900,0.683375
4.9000,0.683750
4.9100,0.684125
4.9200,0.684500
4.9300,0.684875
4.9400,0.685250
4.9500,0.685625
4.9600,0.686000
4.9700,0.686375
4.9800,0.686750
4.9900,0.687125
5.0000,0.687500
5.0100,0.687875
5.0200,0.688250
5.0300,0.688625
5.0400,0.689000
5.0500,0.689375
5.0600,0.689750
5.0700,0.690125
5.0800,0.690500
5.0900,0.690875
5.1000,0.691250
5.1100,0.691625
5.1200,0.692000
5.1300,0.692375
5.1400,0.692750
5.1500,0.693125
5.1600,0.693500
5.1700,0.693875
5.1800,0.694250
5.1900,0.694625
5.2000,0.695000
5.2100,0.695375
5.2200,0.695750
5.2300,0.696125
5.2400,0.696500
5.2500,0.696875
5.2600,0.697250
5.2700,0.697625
5.2800,0.698000
5.2900,0.698375
5.3000,0.698750
5.3100,0.699125
5.3200,0.699500
5.3300,0.699875
5.3400,0.700250
5.3500,0.700625
5.3600,0.701000
5.3700,0.701375
5.3800,0.701750
5.3900,0.702125
5.4000,0.702500
5.4100,0.702875
5.4200,0.703250
5.4300,0.703625
5.4400,0.704000
5.4500,0.704375
5.4600,0.704750
5.4700,0.705125
5.4800,0.705500
5.4900,0.705875
5.5000,0.706250
5.5100,0.706625
5.5200,0.707000
5.5300,0.707375
5.5400,0.707750
5.5500,0.708125
5.5600,0.708500
5.5700,0.708875
5.5800,0.709250
5.5900,0.709625
5.6000,0.710000
5.6100,0.710375
5.6200,0.710750
5.6300,0.711125
5.6400,0.711500
5.6500,0.711875
5.6600,0.712250
5.6700,0.712625
5.6800,0.713000
5.6900,0.713375
5.7000,0.713750
5.7100,0.714125
5.7200,0.714500
5.7300,0.714875
5.7400,0.715250
5.7500,0.715625
5.7600,0.716000
5.7700,0.716375
5.7800,0.716750
5.7900,0.717125
5.8000,0.717500
5.8100,0.717875
5.8200,0.718250
5.8300,0.718625
5.8400,0.719000
5.8500,0.719375
5.8600,0.719750
5.8700,0.720125
5.8800,0.720500
5.8900,0.720875
5.9000,0.721250
5.9100,0.721625
5.9200,0.722000
5.9300,0.722375
5.9400,0.722750
5.9500,0.723125
5.9600,0.723500
5.9700,0.723875
5.9800,0.724250
5.9900,0.724625
6.0000,0.725000
6.0100,0.725375
6.0200,0.725750
6.0300,0.726125
6.0400,0.726500
6.0500,0.726875
6.0600,0.727250
6.0700,0.727625
6.0800,0.728000
6.0900,0.728375
6.1000,0.728750
6.1100,0.729125
6.1200,0.729500
6.1300,0.729875
6.1400,0.730250
6.1500,0.730625
6.1600,0.731000
6.1700,0.731375
6.1800,0.731750
6.1900,0.732125
6.2000,0.732500
6.2100,0.732875
6.2200,0.733250
6.2300,0.733625
6.2400,0.734000
6.2500,0.734375
6.2600,0.734750
6.2700,0.735125
6.2800,0.735500
6.2900,0.735875
6.3000,0.736250
6.3100,0.736625
6.3200,0.737000
6.3300,0.737375
6.3400,0.737750
6.3500,0.738125
6.3600,0.738500
6.3700,0.738875
6.3800,0.739250
6.3900,0.739625
6.4000,0.740000
6.4100,0.740375
6.4200,0.740750
6.4300,0.741125
6.4400,0.741500
6.4500,0.741875
6.4600,0.742250
6.4700,0.742625
6.4800,0.743000
6.4900,0.743375
6.5000,0.743750
6.5100,0.744125
6.5200,0.744500
6.5300,0.744875
6.5400,0.745250
6.5500,0.745625
6.5600,0.746000
6.5700,0.746375
6.5800,0.746750
6.5900,0.747125
6.6000,0.747500
6.6100,0.747875
6.6200,0.748250
6.6300,0.748625
6.6400,0.749000
6.6500,0.749375
6.6600,0.749750
6.6700,0.750125
6.6800,0.750500
6.6900,0.750875
6.7000,0.751250
6.7100,0.751625
6.7200,0.752000
6.7300,0.752375
6.7400,0.752750
6.7500,0.753125
6.7600,0.753500
6.7700,0.753875
6.7800,0.754250
6.7900,0.754625
6.8000,0.755000
6.8100,0.755375
6.8200,0.755750
6.8300,0.756125
6.8400,0.756500
6.8500,0.756875
6.8600,0.757250
6.8700,0.757625
6.8800,0.758000
6.8900,0.758375
6.9000,0.758750
6.9100,0.759125
6.9200,0.759500
6.9300,0.759875
6.9400,0.760250
6.9500,0.760625
6.9600,0.761000
6.9700,0.761375
6.9800,0.761750
6.9900,0.762125
7.0000,0.762500
7.0100,0.762875
7.0200,0.763250
7.0300,0.763625
7.0400,0.764000
7.0500,0.764375
7.0600,0.764750
7.0700,0.765125
7.0800,0.765500
7.0900,0.765875
7.1000,0.766250
7.1100,0.766625
7.1200,0.767000
7.1300,0.767375
7.1400,0.767750
7.1500,0.768125
7.1600,0.768500
7.1700,0.768875
7.1800,0.769250
7.1900,0.769625
7.2000,0.770000
7.2100,0.770375
7.2200,0.770750
7.2300,0.771125
7.2400,0.771500
7.2500,0.771875
7.2600,0.772250
7.2700,0.772625
7.2800,0.773000
7.2900,0.773375
7.3000,0.773750
7.3100,0.774125
7.3200,0.774500
7.3300,0.774875
7.3400,0.775250
7.3500,0.775625
7.3600,0.776000
7.3700,0.776375
7.3800,0.776750
7.3900,0.777125
7.4000,0.777500
7.4100,0.777875
7.4200,0.778250
7.4300,0.778625
7.4400,0.779000
7.4500,0.779375
7.4600,0.779750
7.4700,0.780125
7.4800,0.780500
7.4900,0.780875
7.5000,0.781250
7.5100,0.781625
7.5200,0.782000
7.5300,0.782375
7.5400,0.782750
7.5500,0.783125
7.5600,0.783500
7.5700,0.783875
7.5800,0.784250
7.5900,0.784625
7.6000,0.785000
7.6100,0.785375
7.6200,0.785750
7.6300,0.786125
7.6400,0.786500
7.6500,0.786875
7.6600,0.787250
7.6700,0.787625
7.6800,0.788000
7.6900,0.788375
7.7000,0.788750
7.7100,0.789125
7.7200,0.789500
7.7300,0.789875
7.7400,0.790250
7.7500,0.790625
7.7600,0.791000
7.7700,0.791375
7.7800,0.791750
7.7900,0.792125
7.8000,0.792500
7.8100,0.792875
7.8200,0.793250
7.8300,0.793625
7.8400,0.794000
7.8500,0.794375
7.8600,0.794750
7.8700,0.795125
7.8800,0.795500
7.8900,0.795875
7.9000,0.796250
7.9100,0.796625
7.9200,0.797000
7.9300,0.797375
7.9400,0.797750
7.9500,0.798125
7.9600,0.798500
7.9700,0.798875
7.9800,0.799250
7.9900,0.799625
8.0000,0.800000
8.0100,0.800375
8.0200,0.800750
8.0300,0.801125
8.0400,0.801500
8.0500,0.801875
8.0600,0.802250
8.0700,0.802625
8.0800,0.803000
8.0900,0.803375
8.1000,0.803750
8.1100,0.804125
8.1200,0.804500
8.1300,0.804875
8.1400,0.805250
8.1500,0.805625
8.1600,0.806000
8.1700,0.806375
8.1800,0.806750
8.1900,0.807125
8.2000,0.807500
8.2100,0.807875
8.2200,0.808250
8.2300,0.808625
8.2400,0.809000
8.2500,0.809375
8.2600,0.809750
8.2700,0.810125
8.2800,0.810500
8.2900,0.810875
8.3000,0.811250
8.3100,0.811625
8.3200,0.812000
8.3300,0.812375
8.3400,0.812750
8.3500,0.813125
8.3600,0.813500
8.3700,0.813875
8.3800,0.814250
8.3900,0.814625
8.4000,0.815000
8.4100,0.815375
8.4200,0.815750
8.4300,0.816125
8.4400,0.816500
8.4500,0.816875
8.4600,0.817250
8.4700,0.817625
8.4800,0.818000
8.4900,0.818375
8.5000,0.818750
8.5100,0.819125
8.5200,0.819500
8.5300,0.819875
8.5400,0.820250
8.5500,0.820625
8.5600,0.821000
8.5700,0.821375
8.5800,0.821750
8.5900,0.822125
8.6000,0.822500
8.6100,0.822875
8.6200,0.823250
8.6300,0.823625
8.6400,0.824000
8.6500,0.824375
8.6600,0.824750
8.6700,0.825125
8.6800,0.825500
8.6900,0.825875
8.7000,0.826250
8.7100,0.826625
8.7200,0.827000
8.7300,0.827375
8.7400,0.827750
8.7500,0.828125
8.7600,0.828500
8.7700,0.828875
8.7800,0.829250
8.7900,0.829625
8.8000,0.830000
8.8100,0.830375
8.8200,0.830750
8.8300,0.831125
8.8400,0.831500
8.8500,0.831875
8.8600,0.832250
8.8700,0.832625
8.8800,0.833000
8.8900,0.833375
8.9000,0.833750
8.9100,0.834125
8.9200,0.834500
8.9300,0.834875
8.9400,0.835250
8.9500,0.835625
8.9600,0.836000
8.9700,0.836375
8.9800,0.836750
8.9900,0.837125
9.0000,0.837500
9.0100,0.837875
9.0200,0.838250
9.0300,0.838625
9.0400,0.839000
9.0500,0.839375
9.0600,0.839750
9.0700,0.840125
9.0800,0.840500
9.0900,0.840875
9.1000,0.841250
9.1100,0.841625
9.1200,0.842000
9.1300,0.842375
9.1400,0.842750
9.1500,0.843125
9.1600,0.843500
9.1700,0.843875
9.1800,0.844250
9.1900,0.844625
9.2000,0.845000
9.2100,0.845375
9.2200,0.845750
9.2300,0.846125
9.2400,0.846500
9.2500,0.846875
9.2600,0.847250
9.2700,0.847625
9.2800,0.848000
9.2900,0.848375
9.3000,0.848750
9.3100,0.849125
9.3200,0.849500
9.3300,0.849875
9.3400,0.850250
9.3500,0.850625
9.3600,0.851000
9.3700,0.851375
9.3800,0.851750
9.3900,0.852125
9.4000,0.852500
9.4100,0.852875
9.4200,0.853250
9.4300,0.853625
9.4400,0.854000
9.4500,0.854375
9.4600,0.854750
9.4700,0.855125
9.4800,0.855500
9.4900,0.855875
9.5000,0.856250
9.5100,0.856625
9.5200,0.857000
9.5300,0.857375
9.5400,0.857750
9.5500,0.858125
9.5600,0.858500
9.5700,0.858875
9.5800,0.859250
9.5900,0.859625
9.6000,0.860000
9.6100,0.860375
9.6200,0.860750
9.6300,0.861125
9.6400,0.861500
9.6500,0.861875
9.6600,0.862250
9.6700,0.862625
9.6800,0.863000
9.6900,0.863375
9.7000,0.863750
9.7100,0.864125
9.7200,0.864500
9.7300,0.864875
9.7400,0.865250
9.7500,0.865625
9.7600,0.866000
9.7700,0.866375
9.7800,0.866750
9.7900,0.867125
9.8000,0.867500
9.8100,0.867875
9.8200,0.868250
9.8300,0.868625
9.8400,0.869000
9.8500,0.869375
9.8600,0.869750
9.8700,0.870125
9.8800,0.870500
9.8900,0.870875
9.9000,0.871250
9.9100,0.871625
9.9200,0.872000
9.9300,0.872375
9.9400,0.872750
9.9500,0.873125
9.9600,0.873500
9.9700,0.873875
9.9800,0.874250
9.9900,0.874625
10.0000,0.875000
10.0100,0.875375
10.0200,0.875750
10.0300,0.876125
10.0400,0.876500
10.0500,0.876875
10.0600,0.877250
10.0700,0.877625
10.0800,0.878000
10.0900,0.878375
10.1000,0.878750
10.1100,0.879125
10.1200,0.879500
10.1300,0.879875
10.1400,0.880250
10.1500,0.880625
10.1600,0.881000
10.1700,0.881375
10.1800,0.881750
10.1900,0.882125
10.2000,0.882500
10.2100,0.882875
10.2200,0.883250
10.2300,0.883625
10.2400,0.884000
10.2500,0.884375
10.2600,0.884750
10.2700,0.885125
10.2800,0.885500
10.2900,0.885875
10.3000,0.886250
10.3100,0.886625
10.3200,0.887000
10.3300,0.887375
10.3400,0.887750
10.3500,0.888125
10.3600,0.888500
10.3700,0.888875
10.3800,0.889250
10.3900,0.889625
10.4000,0.890000
10.4100,0.890375
10.4200,0.890750
10.4300,0.891125
10.4400,0.891500
10.4500,0.891875
10.4600,0.892250
10.4700,0.892625
10.4800,0.893000
10.4900,0.893375
10.5000,0.893750
10.5100,0.894125
10.5200,0.894500
10.5300,0.894875
10.5400,0.895250
10.5500,0.895625
10.5600,0.896000
10.5700,0.896375
10.5800,0.896750
10.5900,0.897125
10.6000,0.897500
10.6100,0.897875
10.6200,0.898250
10.6300,0.898625
10.6400,0.899000
10.6500,0.899375
10.6600,0.899750
10.6700,0.900125
10.6800,0.900500
10.6900,0.900875
10.7000,0.901250
10.7100,0.901625
10.7200,0.902000
10.7300,0.902375
10.7400,0.902750
10.7500,0.903125
10.7600,0.903500
10.7700,0.903875
10.7800,0.904250
10.7900,0.904625
10.8000,0.905000
10.8100,0.905375
10.8200,0.905750
10.8300,0.906125
10.8400,0.906500
10.8500,0.906875
10.8600,0.907250
10.8700,0.907625
10.8800,0.908000
10.8900,0.908375
10.9000,0.908750
10.9100,0.909125
10.9200,0.909500
10.9300,0.909875
10.9400,0.910250
10.9500,0.910625
10.9600,0.911000
10.9700,0.911375
10.9800,0.911750
10.9900,0.912125
11.0000,0.912500
11.0100,0.912875
11.0200,0.913250
11.0300,0.913625
11.0400,0.914000
11.0500,0.914375
11.0600,0.914750
11.0700,0.915125
11.0800,0.915500
11.0900,0.915875
11.1000,0.916250
11.1100,0.916625
11.1200,0.917000
11.1300,0.917375
11.1400,0.917750
11.1500,0.918125
11.1600,0.918500
11.1700,0.918875
11.1800,0.919250
11.1900,0.919625
11.2000,0.920000
11.2100,0.920375
11.2200,0.920750
11.2300,0.921125
11.2400,0.921500
11.2500,0.921875
11.2600,0.922250
11.2700,0.922625
11.2800,0.923000
11.2900,0.923375
11.3000,0.923750
11.3100,0.924125
11.3200,0.924500
11.3300,0.924875
11.3400,0.925250
11.3500,0.925625
11.3600,0.926000
11.3700,0.926375
11.3800,0.926750
11.3900,0.927125
11.4000,0.927500
11.4100,0.927875
11.4200,0.928250
11.4300,0.928625
11.4400,0.929000
11.4500,0.929375
11.4600,0.929750
11.4700,0.930125
11.4800,0.930500
11.4900,0.930875
11.5000,0.931250
11.5100,0.931625
11.5200,0.932000
11.5300,0.932375
11.5400,0.932750
11.5500,0.933125
11.5600,0.933500
11.5700,0.933875
11.5800,0.934250
11.5900,0.934625
11.6000,0.935000
11.6100,0.935375
11.6200,0.935750
11.6300,0.936125
11.6400,0.936500
11.6500,0.936875
11.6600,0.937250
11.6700,0.937625
11.6800,0.938000
11.6900,0.938375
11.7000,0.938750
11.7100,0.939125
11.7200,0.939500
11.7300,0.939875
11.7400,0.940250
11.7500,0.940625
11.7600,0.941000
11.7700,0.941375
11.7800,0.941750
11.7900,0.942125
11.8000,0.942500
11.8100,0.942875
11.8200,0.943250
11.8300,0.943625
11.8400,0.944000
11.8500,0.944375
11.8600,0.944750
11.8700,0.945125
11.8800,0.945500
11.8900,0.945875
11.9000,0.946250
11.9100,0.946625
11.9200,0.947000
11.9300,0.947375
11.9400,0.947750
11.9500,0.948125
11.9600,0.948500
11.9700,0.948875
11.9800,0.949250
11.9900,0.949625
12.0000,0.950000
12.0100,0.950375
12.0200,0.950750
12.0300,0.951125
12.0400,0.951500
12.0500,0.951875
12.0600,0.952250
12.0700,0.952625
12.0800,0.953000
12.0900,0.953375
12.1000,0.953750
12.1100,0.954125
12.1200,0.954500
12.1300,0.954875
12.1400,0.955250
12.1500,0.955625
12.1600,0.956000
12.1700,0.956375
12.1800,0.956750
12.1900,0.957125
12.2000,0.957500
12.2100,0.957875
12.2200,0.958250
12.2300,0.958625
12.2400,0.959000
12.2500,0.959375
12.2600,0.959750
12.2700,0.960125
12.2800,0.960500
12.2900,0.960875
12.3000,0.961250
12.3100,0.961625
12.3200,0.962000
12.3300,0.962375
12.3400,0.962750
12.3500,0.963125
12.3600,0.963500
12.3700,0.963875
12.3800,0.964250
12.3900,0.964625
12.4000,0.965000
12.4100,0.965375
12.4200,0.965750
12.4300,0.966125
12.4400,0.966500
12.4500,0.966875
12.4600,0.967250
12.4700,0.967625
12.4800,0.968000
12.4900,0.968375
12.5000,0.968750
12.5100,0.969125
12.5200,0.969500
12.5300,0.969875
12.5400,0.970250
12.5500,0.970625
12.5600,0.971000
12.5700,0.971375
12.5800,0.971750
12.5900,0.972125
12.6000,0.972500
12.6100,0.972875
12.6200,0.973250
12.6300,0.973625
12.6400,0.974000
12.6500,0.974375
12.6600,0.974750
12.6700,0.975125
12.6800,0.975500
12.6900,0.975875
12.7000,0.976250
12.7100,0.976625
12.7200,0.977000
12.7300,0.977375
12.7400,0.977750
12.7500,0.978125
12.7600,0.978500
12.7700,0.978875
12.7800,0.979250
12.7900,0.979625
12.8000,0.980000
12.8100,0.980375
12.8200,0.980750
12.8300,0.981125
12.8400,0.981500
12.8500,0.981875
12.8600,0.982250
12.8700,0.982625
12.8800,0.983000
12.8900,0.983375
12.9000,0.983750
12.9100,0.984125
12.9200,0.984500
12.9300,0.984875
12.9400,0.985250
12.9500,0.985625
12.9600,0.986000
12.9700,0.986375
12.9800,0.986750
12.9900,0.987125
13.0000,0.987500
13.0100,0.987875
13.0200,0.988250
13.0300,0.988625
13.0400,0.989000
13.0500,0.989375
13.0600,0.989750
13.0700,0.990125
13.0800,0.990500
13.0900,0.990875
13.1000,0.991250
13.1100,0.991625
13.1200,0.992000
13.1300,0.992375
13.1400,0.992750
13.1500,0.993125
13.1600,0.993500
13.1700,0.993875
13.1800,0.994250
13.1900,0.994625
13.2000,0.995000
13.2100,0.995375
13.2200,0.995750
13.2300,0.996125
13.2400,0.996500
13.2500,0.996875
13.2600,0.997250
13.2700,0.997625
13.2800,0.998000
13.2900,0.998375
13.3000,0.998750
13.3100,0.999125
13.3200,0.999500
13.3300,0.999875
13.3400,1.000250
13.3500,1.000625
13.3600,1.001000
13.3700,1.001375
13.3800,1.001750
13.3900,1.002125
13.4000,1.002500
13.4100,1.002875
13.4200,1.003250
13.4300,1.003625
13.4400,1.004000
13.4500,1.004375
13.4600,1.004750
13.4700,1.005125
13.4800,1.005500
13.4900,1.005875
13.5000,1.006250
13.5100,1.006625
13.5200,1.007000
13.5300,1.007375
13.5400,1.007750
13.5500,1.008125
13.5600,1.008500
13.5700,1.008875
13.5800,1.009250
13.5900,1.009625
13.6000,1.010000
13.6100,1.010375
13.6200,1.010750
13.6300,1.011125
13.6400,1.011500
13.6500,1.011875
13.6600,1.012250
13.6700,1.012625
13.6800,1.013000
13.6900,1.013375
13.7000,1.013750
13.7100,1.014125
13.7200,1.014500
13.7300,1.014875
13.7400,1.015250
13.7500,1.015625
13.7600,1.016000
13.7700,1.016375
13.7800,1.016750
13.7900,1.017125
13.8000,1.017500
13.8100,1.017875
13.8200,1.018250
13.8300,1.018625
13.8400,1.019000
13.8500,1.019375
13.8600,1.019750
13.8700,1.020125
13.8800,1.020500
13.8900,1.020875
13.9000,1.021250
13.9100,1.021625
13.9200,1.022000
13.9300,1.022375
13.9400,1.022750
13.9500,1.023125
13.9600,1.023500
13.9700,1.023875
13.9800,1.024250
13.9900,1.024625
14.0000,1.025000
14.0100,1.025375
14.0200,1.025750
14.0300,1.026125
14.0400,1.026500
14.0500,1.026875
14.0600,1.027250
14.0700,1.027625
14.0800,1.028000
14.0900,1.028375
14.1000,1.028750
14.1100,1.029125
14.1200,1.029500
14.1300,1.029875
14.1400,1.030250
14.1500,1.030625
14.1600,1.031000
14.1700,1.031375
14.1800,1.031750
14.1900,1.032125
14.2000,1.032500
14.2100,1.032875
14.2200,1.033250
14.2300,1.033625
14.2400,1.034000
14.2500,1.034375
14.2600,1.034750
14.2700,1.035125
14.2800,1.035500
14.2900,1.035875
14.3000,1.036250
14.3100,1.036625
14.3200,1.037000
14.3300,1.037375
14.3400,1.037750
14.3500,1.038125
14.3600,1.038500
14.3700,1.038875
14.3800,1.039250
14.3900,1.039625
14.4000,1.040000
14.4100,1.040375
14.4200,1.040750
14.4300,1.041125
14.4400,1.041500
14.4500,1.041875
14.4600,1.042250
14.4700,1.042625
14.4800,1.043000
14.4900,1.043375
14.5000,1.043750
14.5100,1.044125
14.5200,1.044500
14.5300,1.044875
14.5400,1.045250
14.5500,1.045625
14.5600,1.046000
14.5700,1.046375
14.5800,1.046750
14.5900,1.047125
14.6000,1.047500
14.6100,1.047875
14.6200,1.048250
14.6300,1.048625
14.6400,1.049000
14.6500,1.049375
14.6600,1.049750
14.6700,1.050125
14.6800,1.050500
14.6900,1.050875
14.7000,1.051250
14.7100,1.051625
14.7200,1.052000
14.7300,1.052375
14.7400,1.052750
14.7500,1.053125
14.7600,1.053500
14.7700,1.053875
14.7800,1.054250
14.7900,1.054625
14.8000,1.055000
14.8100,1.055375
14.8200,1.055750
14.8300,1.056125
14.8400,1.056500
14.8500,1.056875
14.8600,1.057250
14.8700,1.057625
14.8800,1.058000
14.8900,1.058375
14.9000,1.058750
14.9100,1.059125
14.9200,1.059500
14.9300,1.059875
14.9400,1.060250
14.9500,1.060625
14.9600,1.061000
14.9700,1.061375
14.9800,1.061750
14.9900,1.062125
15.0000,1.062500
15.0100,1.062875
15.0200,1.063250
15.0300,1.063625
15.0400,1.064000
15.0500,1.064375
15.0600,1.064750
15.0700,1.065125
15.0800,1.065500
15.0900,1.065875
15.1000,1.066250
15.1100,1.066625
15.1200,1.067000
15.1300,1.067375
15.1400,1.067750
15.1500,1.068125
15.1600,1.068500
15.1700,1.068875
15.1800,1.069250
15.1900,1.069625
15.2000,1.070000
15.2100,1.070375
15.2200,1.070750
15.2300,1.071125
15.2400,1.071500
15.2500,1.071875
15.2600,1.072250
15.2700,1.072625
15.2800,1.073000
15.2900,1.073375
15.3000,1.073750
15.3100,1.074125
15.3200,1.074500
15.3300,1.074875
15.3400,1.075250
15.3500,1.075625
15.3600,1.076000
15.3700,1.076375
15.3800,1.076750
15.3900,1.077125
15.4000,1.077500
15.4100,1.077875
15.4200,1.078250
15.4300,1.078625
15.4400,1.079000
15.4500,1.079375
15.4600,1.079750
15.4700,1.080125
15.4800,1.080500
15.4900,1.080875
15.5000,1.081250
15.5100,1.081625
15.5200,1.082000
15.5300,1.082375
15.5400,1.082750
15.5500,1.083125
15.5600,1.083500
15.5700,1.083875
15.5800,1.084250
15.5900,1.084625
15.6000,1.085000
15.6100,1.085375
15.6200,1.085750
15.6300,1.086125
15.6400,1.086500
15.6500,1.086875
15.6600,1.087250
15.6700,1.087625
15.6800,1.088000
15.6900,1.088375
15.7000,1.088750
15.7100,1.089125
15.7200,1.089500
15.7300,1.089875
15.7400,1.090250
15.7500,1.090625
15.7600,1.091000
15.7700,1.091375
15.7800,1.091750
15.7900,1.092125
15.8000,1.092500
15.8100,1.092875
15.8200,1.093250
15.8300,1.093625
15.8400,1.094000
15.8500,1.094375
15.8600,1.094750
15.8700,1.095125
15.8800,1.095500
15.8900,1.095875
15.9000,1.096250
15.9100,1.096625
15.9200,1.097000
15.9300,1.097375
15.9400,1.097750
15.9500,1.098125
15.9600,1.098500
15.9700,1.098875
15.9800,1.099250
15.9900,1.099625
16.0000,1.100000
16.0100,1.100375
16.0200,1.100750
16.0300,1.101125
16.0400,1.101500
16.0500,1.101875
16.0600,1.102250
16.0700,1.102625
16.0800,1.103000
16.0900,1.103375
16.1000,1.103750
16.1100,1.104125
16.1200,1.104500
16.1300,1.104875
16.1400,1.105250
16.1500,1.105625
16.1600,1.106000
16.1700,1.106375
16.1800,1.106750
16.1900,1.107125
16.2000,1.107500
16.2100,1.107875
16.2200,1.108250
16.2300,1.108625
16.2400,1.109000
16.2500,1.109375
16.2600,1.109750
16.2700,1.110125
16.2800,1.110500
16.2900,1.110875
16.3000,1.111250
16.3100,1.111625
16.3200,1.112000
16.3300,1.112375
16.3400,1.112750
16.3500,1.113125
16.3600,1.113500
16.3700,1.113875
16.3800,1.114250
16.3900,1.114625
16.4000,1.115000
16.4100,1.115375
16.4200,1.115750
16.4300,1.116125
16.4400,1.116500
16.4500,1.116875
16.4600,1.117250
16.4700,1.117625
16.4800,1.118000
16.4900,1.118375
16.5000,1.118750
16.5100,1.119125
16.5200,1.119500
16.5300,1.119875
16.5400,1.120250
16.5500,1.120625
16.5600,1.121000
16.5700,1.121375
16.5800,1.121750
16.5900,1.122125
16.6000,1.122500
16.6100,1.122875
16.6200,1.123250
16.6300,1.123625
16.6400,1.124000
16.6500,1.124375
16.6600,1.124750
16.6700,1.125125
16.6800,1.125500
16.6900,1.125875
16.7000,1.126250
16.7100,1.126625
16.7200,1.127000
16.7300,1.127375
16.7400,1.127750
16.7500,1.128125
16.7600,1.128500
16.7700,1.128875
16.7800,1.129250
16.7900,1.129625
16.8000,1.130000
16.8100,1.130375
16.8200,1.130750
16.8300,1.131125
16.8400,1.131500
16.8500,1.131875
16.8600,1.132250
16.8700,1.132625
16.8800,1.133000
16.8900,1.133375
16.9000,1.133750
16.9100,1.134125
16.9200,1.134500
16.9300,1.134875
16.9400,1.135250
16.9500,1.135625
16.9600,1.136000
16.9700,1.136375
16.9800,1.136750
16.9900,1.137125
17.0000,1.137500
17.0100,1.137875
17.0200,1.138250
17.0300,1.138625
17.0400,1.139000
17.0500,1.139375
17.0600,1.139750
17.0700,1.140125
17.0800,1.140500
17.0900,1.140875
17.1000,1.141250
17.1100,1.141625
17.1200,1.142000
17.1300,1.142375
17.1400,1.142750
17.1500,1.143125
17.1600,1.143500
17.1700,1.143875
17.1800,1.144250
17.1900,1.144625
17.2000,1.145000
17.2100,1.145375
17.2200,1.145750
17.2300,1.146125
17.2400,1.146500
17.2500,1.146875
17.2600,1.147250
17.2700,1.147625
17.2800,1.148000
17.2900,1.148375
17.3000,1.148750
17.3100,1.149125
17.3200,1.149500
17.3300,1.149875
17.3400,1.150250
17.3500,1.150625
17.3600,1.151000
17.3700,1.151375
17.3800,1.151750
17.3900,1.152125
17.4000,1.152500
17.4100,1.152875
17.4200,1.153250
17.4300,1.153625
17.4400,1.154000
17.4500,1.154375
17.4600,1.154750
17.4700,1.155125
17.4800,1.155500
17.4900,1.155875
17.5000,1.156250
17.5100,1.156625
17.5200,1.157000
17.5300,1.157375
17.5400,1.157750
17.5500,1.158125
17.5600,1.158500
17.5700,1.158875
17.5800,1.159250
17.5900,1.159625
17.6000,1.160000
17.6100,1.160375
17.6200,1.160750
17.6300,1.161125
17.6400,1.161500
17.6500,1.161875
17.6600,1.162250
17.6700,1.162625
17.6800,1.163000
17.6900,1.163375
17.7000,1.163750
17.7100,1.164125
17.7200,1.164500
17.7300,1.164875
17.7400,1.165250
17.7500,1.165625
17.7600,1.166000
17.7700,1.166375
17.7800,1.166750
17.7900,1.167125
17.8000,1.167500
17.8100,1.167875
17.8200,1.168250
17.8300,1.168625
17.8400,1.169000
17.8500,1.169375
17.8600,1.169750
17.8700,1.170125
17.8800,1.170500
17.8900,1.170875
17.9000,1.171250
17.9100,1.171625
17.9200,1.172000
17.9300,1.172375
17.9400,1.172750
17.9500,1.173125
17.9600,1.173500
17.9700,1.173875
17.9800,1.174250
17.9900,1.174625
18.0000,1.175000
18.0100,1.175375
18.0200,1.175750
18.0300,1.176125
18.0400,1.176500
18.0500,1.176875
18.0600,1.177250
18.0700,1.177625
18.0800,1.178000
18.0900,1.178375
18.1000,1.178750
18.1100,1.179125
18.1200,1.179500
18.1300,1.179875
18.1400,1.180250
18.1500,1.180625
18.1600,1.181000
18.1700,1.181375
18.1800,1.181750
18.1900,1.182125
18.2000,1.182500
18.2100,1.182875
18.2200,1.183250
18.2300,1.183625
18.2400,1.184000
18.2500,1.184375
18.2600,1.184750
18.2700,1.185125
18.2800,1.185500
18.2900,1.185875
18.3000,1.186250
18.3100,1.186625
18.3200,1.187000
18.3300,1.187375
18.3400,1.187750
18.3500,1.188125
18.3600,1.188500
18.3700,1.188875
18.3800,1.189250
18.3900,1.189625
18.4000,1.190000
18.4100,1.190375
18.4200,1.190750
18.4300,1.191125
18.4400,1.191500
18.4500,1.191875
18.4600,1.192250
18.4700,1.192625
18.4800,1.193000
18.4900,1.193375
18.5000,1.193750
18.5100,1.194125
18.5200,1.194500
18.5300,1.194875
18.5400,1.195250
18.5500,1.195625
18.5600,1.196000
18.5700,1.196375
18.5800,1.196750
18.5900,1.197125
18.6000,1.197500
18.6100,1.197875
18.6200,1.198250
18.6300,1.198625
18.6400,1.199000
18.6500,1.199375
18.6600,1.199750
18.6700,1.200125
18.6800,1.200500
18.6900,1.200875
18.7000,1.201250
18.7100,1.201625
18.7200,1.202000
18.7300,1.202375
18.7400,1.202750
18.7500,1.203125
18.7600,1.203500
18.7700,1.203875
18.7800,1.204250
18.7900,1.204625
18.8000,1.205000
18.8100,1.205375
18.8200,1.205750
18.8300,1.206125
18.8400,1.206500
18.8500,1.206875
18.8600,1.207250
18.8700,1.207625
18.8800,1.208000
18.8900,1.208375
18.9000,1.208750
18.9100,1.209125
18.9200,1.209500
18.9300,1.209875
18.9400,1.210250
18.9500,1.210625
18.9600,1.211000
18.9700,1.211375
18.9800,1.211750
18.9900,1.212125
19.0000,1.212500
19.0100,1.212875
19.0200,1.213250
19.0300,1.213625
19.0400,1.214000
19.0500,1.214375
19.0600,1.214750
19.0700,1.215125
19.0800,1.215500
19.0900,1.215875
19.1000,1.216250
19.1100,1.216625
19.1200,1.217000
19.1300,1.217375
19.1400,1.217750
19.1500,1.218125
19.1600,1.218500
19.1700,1.218875
19.1800,1.219250
19.1900,1.219625
19.2000,1.220000
19.2100,1.220375
19.2200,1.220750
19.2300,1.221125
19.2400,1.221500
19.2500,1.221875
19.2600,1.222250
19.2700,1.222625
19.2800,1.223000
19.2900,1.223375
19.3000,1.223750
19.3100,1.224125
19.3200,1.224500
19.3300,1.224875
19.3400,1.225250
19.3500,1.225625
19.3600,1.226000
19.3700,1.226375
19.3800,1.226750
19.3900,1.227125
19.4000,1.227500
19.4100,1.227875
19.4200,1.228250
19.4300,1.228625
19.4400,1.229000
19.4500,1.229375
19.4600,1.229750
19.4700,1.230125
19.4800,1.230500
19.4900,1.230875
19.5000,1.231250
19.5100,1.231625
19.5200,1.232000
19.5300,1.232375
19.5400,1.232750
19.5500,1.233125
19.5600,1.233500
19.5700,1.233875
19.5800,1.234250
19.5900,1.234625
19.6000,1.235000
19.6100,1.235375
19.6200,1.235750
19.6300,1.236125
19.6400,1.236500
19.6500,1.236875
19.6600,1.237250
19.6700,1.237625
19.6800,1.238000
19.6900,1.238375
19.7000,1.238750
19.7100,1.239125
19.7200,1.239500
19.7300,1.239875
19.7400,1.240250
19.7500,1.240625
19.7600,1.241000
19.7700,1.241375
19.7800,1.241750
19.7900,1.242125
19.8000,1.242500
19.8100,1.242875
19.8200,1.243250
19.8300,1.243625
19.8400,1.244000
19.8500,1.244375
19.8600,1.244750
19.8700,1.245125
19.8800,1.245500
19.8900,1.245875
19.9000,1.246250
19.9100,1.246625
19.9200,1.247000
19.9300,1.247375
19.9400,1.247750
19.9500,1.248125
19.9600,1.248500
19.9700,1.248875
19.9800,1.249250
19.9900,1.249625
20.0000,1.250000
20.0100,1.250375
20.0200,1.250750
20.0300,1.251125
20.0400,1.251500
20.0500,1.251875
20.0600,1.252250
20.0700,1.252625
20.0800,1.253000
20.0900,1.253375
20.1000,1.253750
20.1100,1.254125
20.1200,1.254500
20.1300,1.254875
20.1400,1.255250
20.1500,1.255625
20.1600,1.256000
20.1700,1.256375
20.1800,1.256750
20.1900,1.257125
20.2000,1.257500
20.2100,1.257875
20.2200,1.258250
20.2300,1.258625
20.2400,1.259000
20.2500,1.259375
20.2600,1.259750
20.2700,1.260125
20.2800,1.260500
20.2900,1.260875
20.3000,1.261250
20.3100,1.261625
20.3200,1.262000
20.3300,1.262375
20.3400,1.262750
20.3500,1.263125
20.3600,1.263500
20.3700,1.263875
20.3800,1.264250
20.3900,1.264625
20.4000,1.265000
20.4100,1.265375
20.4200,1.265750
20.4300,1.266125
20.4400,1.266500
20.4500,1.266875
20.4600,1.267250
20.4700,1.267625
20.4800,1.268000
20.4900,1.268375
20.5000,1.268750
20.5100,1.269125
20.5200,1.269500
20.5300,1.269875
20.5400,1.270250
20.5500,1.270625
20.5600,1.271000
20.5700,1.271375
20.5800,1.271750
20.5900,1.272125
20.6000,1.272500
20.6100,1.272875
20.6200,1.273250
20.6300,1.273625
20.6400,1.274000
20.6500,1.274375
20.6600,1.274750
20.6700,1.275125
20.6800,1.275500
20.6900,1.275875
20.7000,1.276250
20.7100,1.276625
20.7200,1.277000
20.7300,1.277375
20.7400,1.277750
20.7500,1.278125
20.7600,1.278500
20.7700,1.278875
20.7800,1.279250
20.7900,1.279625
20.8000,1.280000
20.8100,1.280375
20.8200,1.280750
20.8300,1.281125
20.8400,1.281500
20.8500,1.281875
20.8600,1.282250
20.8700,1.282625
20.8800,1.283000
20.8900,1.283375
20.9000,1.283750
20.9100,1.284125
20.9200,1.284500
20.9300,1.284875
20.9400,1.285250
20.9500,1.285625
20.9600,1.286000
20.9700,1.286375
20.9800,1.286750
20.9900,1.287125
21.0000,1.287500
21.0100,1.287875
21.0200,1.288250
21.0300,1.288625
21.0400,1.289000
21.0500,1.289375
21.0600,1.289750
21.0700,1.290125
21.0800,1.290500
21.0900,1.290875
21.1000,1.291250
21.1100,1.291625
21.1200,1.292000
21.1300,1.292375
21.1400,1.292750
21.1500,1.293125
21.1600,1.293500
21.1700,1.293875
21.1800,1.294250
21.1900,1.294625
21.2000,1.295000
21.2100,1.295375
21.2200,1.295750
21.2300,1.296125
21.2400,1.296500
21.2500,1.296875
21.2600,1.297250
21.2700,1.297625
21.2800,1.298000
21.2900,1.298375
21.3000,1.298750
21.3100,1.299125
21.3200,1.299500
21.3300,1.299875
21.3400,1.300250
21.3500,1.300625
21.3600,1.301000
21.3700,1.301375
21.3800,1.301750
21.3900,1.302125
21.4000,1.302500
21.4100,1.302875
21.4200,1.303250
21.4300,1.303625
21.4400,1.304000
21.4500,1.304375
21.4600,1.304750
21.4700,1.305125
21.4800,1.305500
21.4900,1.305875
21.5000,1.306250
21.5100,1.306625
21.5200,1.307000
21.5300,1.307375
21.5400,1.307750
21.5500,1.308125
21.5600,1.308500
21.5700,1.308875
21.5800,1.309250
21.5900,1.309625
21.6000,1.310000
21.6100,1.310375
21.6200,1.310750
21.6300,1.311125
21.6400,1.311500
21.6500,1.311875
21.6600,1.312250
21.6700,1.312625
21.6800,1.313000
21.6900,1.313375
21.7000,1.313750
21.7100,1.314125
21.7200,1.314500
21.7300,1.314875
21.7400,1.315250
21.7500,1.315625
21.7600,1.316000
21.7700,1.316375
21.7800,1.316750
21.7900,1.317125
21.8000,1.317500
21.8100,1.317875
21.8200,1.318250
21.8300,1.318625
21.8400,1.319000
21.8500,1.319375
21.8600,1.319750
21.8700,1.320125
21.8800,1.320500
21.8900,1.320875
21.9000,1.321250
21.9100,1.321625
21.9200,1.322000
21.9300,1.322375
21.9400,1.322750
21.9500,1.323125
21.9600,1.323500
21.9700,1.323875
21.9800,1.324250
21.9900,1.324625
22.0000,1.325000
22.0100,1.325375
22.0200,1.325750
22.0300,1.326125
22.0400,1.326500
22.0500,1.326875
22.0600,1.327250
22.0700,1.327625
22.0800,1.328000
22.0900,1.328375
22.1000,1.328750
22.1100,1.329125
22.1200,1.329500
22.1300,1.329875
22.1400,1.330250
22.1500,1.330625
22.1600,1.331000
22.1700,1.331375
22.1800,1.331750
22.1900,1.332125
22.2000,1.332500
22.2100,1.332875
22.2200,1.333250
22.2300,1.333625
22.2400,1.334000
22.2500,1.334375
22.2600,1.334750
22.2700,1.335125
22.2800,1.335500
22.2900,1.335875
22.3000,1.336250
22.3100,1.336625
22.3200,1.337000
22.3300,1.337375
22.3400,1.337750
22.3500,1.338125
22.3600,1.338500
22.3700,1.338875
22.3800,1.339250
22.3900,1.339625
22.4000,1.340000
22.4100,1.340375
22.4200,1.340750
22.4300,1.341125
22.4400,1.341500
22.4500,1.341875
22.4600,1.342250
22.4700,1.342625
22.4800,1.343000
22.4900,1.343375
22.5000,1.343750
22.5100,1.344125
22.5200,1.344500
22.5300,1.344875
22.5400,1.345250
22.5500,1.345625
22.5600,1.346000
22.5700,1.346375
22.5800,1.346750
22.5900,1.347125
22.6000,1.347500
22.6100,1.347875
22.6200,1.348250
22.6300,1.348625
22.6400,1.349000
22.6500,1.349375
22.6600,1.349750
22.6700,1.350125
22.6800,1.350500
22.6900,1.350875
22.7000,1.351250
22.7100,1.351625
22.7200,1.352000
22.7300,1.352375
22.7400,1.352750
22.7500,1.353125
22.7600,1.353500
22.7700,1.353875
22.7800,1.354250
22.7900,1.354625
22.8000,1.355000
22.8100,1.355375
22.8200,1.355750
22.8300,1.356125
22.8400,1.356500
22.8500,1.356875
22.8600,1.357250
22.8700,1.357625
22.8800,1.358000
22.8900,1.358375
22.9000,1.358750
22.9100,1.359125
22.9200,1.359500
22.9300,1.359875
22.9400,1.360250
22.9500,1.360625
22.9600,1.361000
22.9700,1.361375
22.9800,1.361750
22.9900,1.362125
23.0000,1.362500
23.0100,1.362875
23.0200,1.363250
23.0300,1.363625
23.0400,1.364000
23.0500,1.364375
23.0600,1.364750
23.0700,1.365125
23.0800,1.365500
23.0900,1.365875
23.1000,1.366250
23.1100,1.366625
23.1200,1.367000
23.1300,1.367375
23.1400,1.367750
23.1500,1.368125
23.1600,1.368500
23.1700,1.368875
23.1800,1.369250
23.1900,1.369625
23.2000,1.370000
23.2100,1.370375
23.2200,1.370750
23.2300,1.371125
23.2400,1.371500
23.2500,1.371875
23.2600,1.372250
23.2700,1.372625
23.2800,1.373000
23.2900,1.373375
23.3000,1.373750
23.3100,1.374125
23.3200,1.374500
23.3300,1.374875
23.3400,1.375250
23.3500,1.375625
23.3600,1.376000
23.3700,1.376375
23.3800,1.376750
23.3900,1.377125
23.4000,1.377500
23.4100,1.377875
23.4200,1.378250
23.4300,1.378625
23.4400,1.379000
23.4500,1.379375
23.4600,1.379750
23.4700,1.380125
23.4800,1.380500
23.4900,1.380875
23.5000,1.381250
23.5100,1.381625
23.5200,1.382000
23.5300,1.382375
23.5400,1.382750
23.5500,1.383125
23.5600,1.383500
23.5700,1.383875
23.5800,1.384250
23.5900,1.384625
23.6000,1.385000
23.6100,1.385375
23.6200,1.385750
23.6300,1.386125
23.6400,1.386500
23.6500,1.386875
23.6600,1.387250
23.6700,1.387625
23.6800,1.388000
23.6900,1.388375
23.7000,1.388750
23.7100,1.389125
23.7200,1.389500
23.7300,1.389875
23.7400,1.390250
23.7500,1.390625
23.7600,1.391000
23.7700,1.391375
23.7800,1.391750
23.7900,1.392125
23.8000,1.392500
23.8100,1.392875
23.8200,1.393250
23.8300,1.393625
23.8400,1.394000
23.8500,1.394375
23.8600,1.394750
23.8700,1.395125
23.8800,1.395500
23.8900,1.395875
23.9000,1.396250
23.9100,1.396625
23.9200,1.397000
23.9300,1.397375
23.9400,1.397750
23.9500,1.398125
23.9600,1.398500
23.9700,1.398875
23.9800,1.399250
23.9900,1.399625
24.0000,1.400000
24.0100,1.400375
24.0200,1.400750
24.0300,1.401125
24.0400,1.401500
24.0500,1.401875
24.0600,1.402250
24.0700,1.402625
24.0800,1.403000
24.0900,1.403375
24.1000,1.403750
24.1100,1.404125
24.1200,1.404500
24.1300,1.404875
24.1400,1.405250
24.1500,1.405625
24.1600,1.406000
24.1700,1.406375
24.1800,1.406750
24.1900,1.407125
24.2000,1.407500
24.2100,1.407875
24.2200,1.408250
24.2300,1.408625
24.2400,1.409000
24.2500,1.409375
24.2600,1.409750
24.2700,1.410125
24.2800,1.410500
24.2900,1.410875
24.3000,1.411250
24.3100,1.411625
24.3200,1.412000
24.3300,1.412375
24.3400,1.412750
24.3500,1.413125
24.3600,1.413500
24.3700,1.413875
24.3800,1.414250
24.3900,1.414625
24.4000,1.415000
24.4100,1.415375
24.4200,1.415750
24.4300,1.416125
24.4400,1.416500
24.4500,1.416875
24.4600,1.417250
24.4700,1.417625
24.4800,1.418000
24.4900,1.418375
24.5000,1.418750
24.5100,1.419125
24.5200,1.419500
24.5300,1.419875
24.5400,1.420250
24.5500,1.420625
24.5600,1.421000
24.5700,1.421375
24.5800,1.421750
24.5900,1.422125
24.6000,1.422500
24.6100,1.422875
24.6200,1.423250
24.6300,1.423625
24.6400,1.424000
24.6500,1.424375
24.6600,1.424750
24.6700,1.425125
24.6800,1.425500
24.6900,1.425875
24.7000,1.426250
24.7100,1.426625
24.7200,1.427000
24.7300,1.427375
24.7400,1.427750
24.7500,1.428125
24.7600,1.428500
24.7700,1.428875
24.7800,1.429250
24.7900,1.429625
24.8000,1.430000
24.8100,1.430375
24.8200,1.430750
24.8300,1.431125
24.8400,1.431500
24.8500,1.431875
24.8600,1.432250
24.8700,1.432625
24.8800,1.433000
24.8900,1.433375
24.9000,1.433750
24.9100,1.434125
24.9200,1.434500
24.9300,1.434875
24.9400,1.435250
24.9500,1.435625
24.9600,1.436000
24.9700,1.436375
24.9800,1.436750
24.9900,1.437125
25.0000,1.437500
25.0100,1.437875
25.0200,1.438250
25.0300,1.438625
25.0400,1.439000
25.0500,1.439375
25.0600,1.439750
25.0700,1.440125
25.0800,1.440500
25.0900,1.440875
25.1000,1.441250
25.1100,1.441625
25.1200,1.442000
25.1300,1.442375
25.1400,1.442750
25.1500,1.443125
25.1600,1.443500
25.1700,1.443875
25.1800,1.444250
25.1900,1.444625
25.2000,1.445000
25.2100,1.445375
25.2200,1.445750
25.2300,1.446125
25.2400,1.446500
25.2500,1.446875
25.2600,1.447250
25.2700,1.447625
25.2800,1.448000
25.2900,1.448375
25.3000,1.448750
25.3100,1.449125
25.3200,1.449500
25.3300,1.449875
25.3400,1.450250
25.3500,1.450625
25.3600,1.451000
25.3700,1.451375
25.3800,1.451750
25.3900,1.452125
25.4000,1.452500
25.4100,1.452875
25.4200,1.453250
25.4300,1.453625
25.4400,1.454000
25.4500,1.454375
25.4600,1.454750
25.4700,1.455125
25.4800,1.455500
25.4900,1.455875
25.5000,1.456250
25.5100,1.456625
25.5200,1.457000
25.5300,1.457375
25.5400,1.457750
25.5500,1.458125
25.5600,1.458500
25.5700,1.458875
25.5800,1.459250
25.5900,1.459625
25.6000,1.460000
25.6100,1.460375
25.6200,1.460750
25.6300,1.461125
25.6400,1.461500
25.6500,1.461875
25.6600,1.462250
25.6700,1.462625
25.6800,1.463000
25.6900,1.463375
25.7000,1.463750
25.7100,1.464125
25.7200,1.464500
25.7300,1.464875
25.7400,1.465250
25.7500,1.465625
25.7600,1.466000
25.7700,1.466375
25.7800,1.466750
25.7900,1.467125
25.8000,1.467500
25.8100,1.467875
25.8200,1.468250
25.8300,1.468625
25.8400,1.469000
25.8500,1.469375
25.8600,1.469750
25.8700,1.470125
25.8800,1.470500
25.8900,1.470875
25.9000,1.471250
25.9100,1.471625
25.9200,1.472000
25.9300,1.472375
25.9400,1.472750
25.9500,1.473125
25.9600,1.473500
25.9700,1.473875
25.9800,1.474250
25.9900,1.474625
26.0000,1.475000
26.0100,1.475375
26.0200,1.475750
26.0300,1.476125
26.0400,1.476500
26.0500,1.476875
26.0600,1.477250
26.0700,1.477625
26.0800,1.478000
26.0900,1.478375
26.1000,1.478750
26.1100,1.479125
26.1200,1.479500
26.1300,1.479875
26.1400,1.480250
26.1500,1.480625
26.1600,1.481000
26.1700,1.481375
26.1800,1.481750
26.1900,1.482125
26.2000,1.482500
26.2100,1.482875
26.2200,1.483250
26.2300,1.483625
26.2400,1.484000
26.2500,1.484375
26.2600,1.484750
26.2700,1.485125
26.2800,1.485500
26.2900,1.485875
26.3000,1.486250
26.3100,1.486625
26.3200,1.487000
26.3300,1.487375
26.3400,1.487750
26.3500,1.488125
26.3600,1.488500
26.3700,1.488875
26.3800,1.489250
26.3900,1.489625
26.4000,1.490000
26.4100,1.490375
26.4200,1.490750
26.4300,1.491125
26.4400,1.491500
26.4500,1.491875
26.4600,1.492250
26.4700,1.492625
26.4800,1.493000
26.4900,1.493375
26.5000,1.493750
26.5100,1.494125
26.5200,1.494500
26.5300,1.494875
26.5400,1.495250
26.5500,1.495625
26.5600,1.496000
26.5700,1.496375
26.5800,1.496750
26.5900,1.497125
26.6000,1.497500
26.6100,1.497875
26.6200,1.498250
26.6300,1.498625
26.6400,1.499000
26.6500,1.499375
26.6600,1.499750
26.6700,1.500125
26.6800,1.500500
26.6900,1.500875
26.7000,1.501250
26.7100,1.501625
26.7200,1.502000
26.7300,1.502375
26.7400,1.502750
26.7500,1.503125
26.7600,1.503500
26.7700,1.503875
26.7800,1.504250
26.7900,1.504625
26.8000,1.505000
26.8100,1.505375
26.8200,1.505750
26.8300,1.506125
26.8400,1.506500
26.8500,1.506875
26.8600,1.507250
26.8700,1.507625
26.8800,1.508000
26.8900,1.508375
26.9000,1.508750
26.9100,1.509125
26.9200,1.509500
26.9300,1.509875
26.9400,1.510250
26.9500,1.510625
26.9600,1.511000
26.9700,1.511375
26.9800,1.511750
26.9900,1.512125
27.0000,1.512500
27.0100,1.512875
27.0200,1.513250
27.0300,1.513625
27.0400,1.514000
27.0500,1.514375
27.0600,1.514750
27.0700,1.515125
27.0800,1.515500
27.0900,1.515875
27.1000,1.516250
27.1100,1.516625
27.1200,1.517000
27.1300,1.517375
27.1400,1.517750
27.1500,1.518125
27.1600,1.518500
27.1700,1.518875
27.1800,1.519250
27.1900,1.519625
27.2000,1.520000
27.2100,1.520375
27.2200,1.520750
27.2300,1.521125
27.2400,1.521500
27.2500,1.521875
27.2600,1.522250
27.2700,1.522625
27.2800,1.523000
27.2900,1.523375
27.3000,1.523750
27.3100,1.524125
27.3200,1.524500
27.3300,1.524875
27.3400,1.525250
27.3500,1.525625
27.3600,1.526000
27.3700,1.526375
27.3800,1.526750
27.3900,1.527125
27.4000,1.527500
27.4100,1.527875
27.4200,1.528250
27.4300,1.528625
27.4400,1.529000
27.4500,1.529375
27.4600,1.529750
27.4700,1.530125
27.4800,1.530500
27.4900,1.530875
27.5000,1.531250
27.5100,1.531625
27.5200,1.532000
27.5300,1.532375
27.5400,1.532750
27.5500,1.533125
27.5600,1.533500
27.5700,1.533875
27.5800,1.534250
27.5900,1.534625
27.6000,1.535000
27.6100,1.535375
27.6200,1.535750
27.6300,1.536125
27.6400,1.536500
27.6500,1.536875
27.6600,1.537250
27.6700,1.537625
27.6800,1.538000
27.6900,1.538375
27.7000,1.538750
27.7100,1.539125
27.7200,1.539500
27.7300,1.539875
27.7400,1.540250
27.7500,1.540625
27.7600,1.541000
27.7700,1.541375
27.7800,1.541750
27.7900,1.542125
27.8000,1.542500
27.8100,1.542875
27.8200,1.543250
27.8300,1.543625
27.8400,1.544000
27.8500,1.544375
27.8600,1.544750
27.8700,1.545125
27.8800,1.545500
27.8900,1.545875
27.9000,1.546250
27.9100,1.546625
27.9200,1.547000
27.9300,1.547375
27.9400,1.547750
27.9500,1.548125
27.9600,1.548500
27.9700,1.548875
27.9800,1.549250
27.9900,1.549625
28.0000,1.550000
28.0100,1.550375
28.0200,1.550750
28.0300,1.551125
28.0400,1.551500
28.0500,1.551875
28.0600,1.552250
28.0700,1.552625
28.0800,1.553000
28.0900,1.553375
28.1000,1.553750
28.1100,1.554125
28.1200,1.554500
28.1300,1.554875
28.1400,1.555250
28.1500,1.555625
28.1600,1.556000
28.1700,1.556375
28.1800,1.556750
28.1900,1.557125
28.2000,1.557500
28.2100,1.557875
28.2200,1.558250
28.2300,1.558625
28.2400,1.559000
28.2500,1.559375
28.2600,1.559750
28.2700,1.560125
28.2800,1.560500
28.2900,1.560875
28.3000,1.561250
28.3100,1.561625
28.3200,1.562000
28.3300,1.562375
28.3400,1.562750
28.3500,1.563125
28.3600,1.563500
28.3700,1.563875
28.3800,1.564250
28.3900,1.564625
28.4000,1.565000
28.4100,1.565375
28.4200,1.565750
28.4300,1.566125
28.4400,1.566500
28.4500,1.566875
28.4600,1.567250
28.4700,1.567625
28.4800,1.568000
28.4900,1.568375
28.5000,1.568750
28.5100,1.569125
28.5200,1.569500
28.5300,1.569875
28.5400,1.570250
28.5500,1.570625
28.5600,1.571000
28.5700,1.571375
28.5800,1.571750
28.5900,1.572125
28.6000,1.572500
28.6100,1.572875
28.6200,1.573250
28.6300,1.573625
28.6400,1.574000
28.6500,1.574375
28.6600,1.574750
28.6700,1.575125
28.6800,1.575500
28.6900,1.575875
28.7000,1.576250
28.7100,1.576625
28.7200,1.577000
28.7300,1.577375
28.7400,1.577750
28.7500,1.578125
28.7600,1.578500
28.7700,1.578875
28.7800,1.579250
28.7900,1.579625
28.8000,1.580000
28.8100,1.580375
28.8200,1.580750
28.8300,1.581125
28.8400,1.581500
28.8500,1.581875
28.8600,1.582250
28.8700,1.582625
28.8800,1.583000
28.8900,1.583375
28.9000,1.583750
28.9100,1.584125
28.9200,1.584500
28.9300,1.584875
28.9400,1.585250
28.9500,1.585625
28.9600,1.586000
28.9700,1.586375
28.9800,1.586750
28.9900,1.587125
29.0000,1.587500
29.0100,1.587875
29.0200,1.588250
29.0300,1.588625
29.0400,1.589000
29.0500,1.589375
29.0600,1.589750
29.0700,1.590125
29.0800,1.590500
29.0900,1.590875
29.1000,1.591250
29.1100,1.591625
29.1200,1.592000
29.1300,1.592375
29.1400,1.592750
29.1500,1.593125
29.1600,1.593500
29.1700,1.593875
29.1800,1.594250
29.1900,1.594625
29.2000,1.595000
29.2100,1.595375
29.2200,1.595750
29.2300,1.596125
29.2400,1.596500
29.2500,1.596875
29.2600,1.597250
29.2700,1.597625
29.2800,1.598000
29.2900,1.598375
29.3000,1.598750
29.3100,1.599125
29.3200,1.599500
29.3300,1.599875
29.3400,1.600250
29.3500,1.600625
29.3600,1.601000
29.3700,1.601375
29.3800,1.601750
29.3900,1.602125
29.4000,1.602500
29.4100,1.602875
29.4200,1.603250
29.4300,1.603625
29.4400,1.604000
29.4500,1.604375
29.4600,1.604750
29.4700,1.605125
29.4800,1.605500
29.4900,1.605875
29.5000,1.606250
29.5100,1.606625
29.5200,1.607000
29.5300,1.607375
29.5400,1.607750
29.5500,1.608125
29.5600,1.608500
29.5700,1.608875
29.5800,1.609250
29.5900,1.609625
29.6000,1.610000
29.6100,1.610375
29.6200,1.610750
29.6300,1.611125
29.6400,1.611500
29.6500,1.611875
29.6600,1.612250
29.6700,1.612625
29.6800,1.613000
29.6900,1.613375
29.7000,1.613750
29.7100,1.614125
29.7200,1.614500
29.7300,1.614875
29.7400,1.615250
29.7500,1.615625
29.7600,1.616000
29.7700,1.616375
29.7800,1.616750
29.7900,1.617125
29.8000,1.617500
29.8100,1.617875
29.8200,1.618250
29.8300,1.618625
29.8400,1.619000
29.8500,1.619375
29.8600,1.619750
29.8700,1.620125
29.8800,1.620500
29.8900,1.620875
29.9000,1.621250
29.9100,1.621625
29.9200,1.622000
29.9300,1.622375
29.9400,1.622750
29.9500,1.623125
29.9600,1.623500
29.9700,1.623875
29.9800,1.624250
29.9900,1.624625
30.0000,1.625000
30.0100,1.625375
30.0200,1.625750
30.0300,1.626125
30.0400,1.626500
30.0500,1.626875
30.0600,1.627250
30.0700,1.627625
30.0800,1.628000
30.0900,1.628375
30.1000,1.628750
30.1100,1.629125
30.1200,1.629500
30.1300,1.629875
30.1400,1.630250
30.1500,1.630625
30.1600,1.631000
30.1700,1.631375
30.1800,1.631750
30.1900,1.632125
30.2000,1.632500
30.2100,1.632875
30.2200,1.633250
30.2300,1.633625
30.2400,1.634000
30.2500,1.634375
30.2600,1.634750
30.2700,1.635125
30.2800,1.635500
30.2900,1.635875
30.3000,1.636250
30.3100,1.636625
30.3200,1.637000
30.3300,1.637375
30.3400,1.637750
30.3500,1.638125
30.3600,1.638500
30.3700,1.638875
30.3800,1.639250
30.3900,1.639625
30.4000,1.640000
30.4100,1.640375
30.4200,1.640750
30.4300,1.641125
30.4400,1.641500
30.4500,1.641875
30.4600,1.642250
30.4700,1.642625
30.4800,1.643000
30.4900,1.643375
30.5000,1.643750
30.5100,1.644125
30.5200,1.644500
30.5300,1.644875
30.5400,1.645250
30.5500,1.645625
30.5600,1.646000
30.5700,1.646375
30.5800,1.646750
30.5900,1.647125
30.6000,1.647500
30.6100,1.647875
30.6200,1.648250
30.6300,1.648625
30.6400,1.649000
30.6500,1.649375
30.6600,1.649750
30.6700,1.650125
30.6800,1.650500
30.6900,1.650875
30.7000,1.651250
30.7100,1.651625
30.7200,1.652000
30.7300,1.652375
30.7400,1.652750
30.7500,1.653125
30.7600,1.653500
30.7700,1.653875
30.7800,1.654250
30.7900,1.654625
30.8000,1.655000
30.8100,1.655375
30.8200,1.655750
30.8300,1.656125
30.8400,1.656500
30.8500,1.656875
30.8600,1.657250
30.8700,1.657625
30.8800,1.658000
30.8900,1.658375
30.9000,1.658750
30.9100,1.659125
30.9200,1.659500
30.9300,1.659875
30.9400,1.660250
30.9500,1.660625
30.9600,1.661000
30.9700,1.661375
30.9800,1.661750
30.9900,1.662125
31.0000,1.662500
31.0100,1.662875
31.0200,1.663250
31.0300,1.663625
31.0400,1.664000
31.0500,1.664375
31.0600,1.664750
31.0700,1.665125
31.0800,1.665500
31.0900,1.665875
31.1000,1.666250
31.1100,1.666625
31.1200,1.667000
31.1300,1.667375
31.1400,1.667750
31.1500,1.668125
31.1600,1.668500
31.1700,1.668875
31.1800,1.669250
31.1900,1.669625
31.2000,1.670000
31.2100,1.670375
31.2200,1.670750
31.2300,1.671125
31.2400,1.671500
31.2500,1.671875
31.2600,1.672250
31.2700,1.672625
31.2800,1.673000
31.2900,1.673375
31.3000,1.673750
31.3100,1.674125
31.3200,1.674500
31.3300,1.674875
31.3400,1.675250
31.3500,1.675625
31.3600,1.676000
31.3700,1.676375
31.3800,1.676750
31.3900,1.677125
31.4000,1.677500
31.4100,1.677875
31.4200,1.678250
31.4300,1.678625
31.4400,1.679000
31.4500,1.679375
31.4600,1.679750
31.4700,1.680125
31.4800,1.680500
31.4900,1.680875
31.5000,1.681250
31.5100,1.681625
31.5200,1.682000
31.5300,1.682375
31.5400,1.682750
31.5500,1.683125
31.5600,1.683500
31.5700,1.683875
31.5800,1.684250
31.5900,1.684625
31.6000,1.685000
31.6100,1.685375
31.6200,1.685750
31.6300,1.686125
31.6400,1.686500
31.6500,1.686875
31.6600,1.687250
31.6700,1.687625
31.6800,1.688000
31.6900,1.688375
31.7000,1.688750
31.7100,1.689125
31.7200,1.689500
31.7300,1.689875
31.7400,1.690250
31.7500,1.690625
31.7600,1.691000
31.7700,1.691375
31.7800,1.691750
31.7900,1.692125
31.8000,1.692500
31.8100,1.692875
31.8200,1.693250
31.8300,1.693625
31.8400,1.694000
31.8500,1.694375
31.8600,1.694750
31.8700,1.695125
31.8800,1.695500
31.8900,1.695875
31.9000,1.696250
31.9100,1.696625
31.9200,1.697000
31.9300,1.697375
31.9400,1.697750
31.9500,1.698125
31.9600,1.698500
31.9700,1.698875
31.9800,1.699250
31.9900,1.699625
32.0000,1.700000
32.0100,1.700375
32.0200,1.700750
32.0300,1.701125
32.0400,1.701500
32.0500,1.701875
32.0600,1.702250
32.0700,1.702625
32.0800,1.703000
32.0900,1.703375
32.1000,1.703750
32.1100,1.704125
32.1200,1.704500
32.1300,1.704875
32.1400,1.705250
32.1500,1.705625
32.1600,1.706000
32.1700,1.706375
32.1800,1.706750
32.1900,1.707125
32.2000,1.707500
32.2100,1.707875
32.2200,1.708250
32.2300,1.708625
32.2400,1.709000
32.2500,1.709375
32.2600,1.709750
32.2700,1.710125
32.2800,1.710500
32.2900,1.710875
32.3000,1.711250
32.3100,1.711625
32.3200,1.712000
32.3300,1.712375
32.3400,1.712750
32.3500,1.713125
32.3600,1.713500
32.3700,1.713875
32.3800,1.714250
32.3900,1.714625
32.4000,1.715000
32.4100,1.715375
32.4200,1.715750
32.4300,1.716125
32.4400,1.716500
32.4500,1.716875
32.4600,1.717250
32.4700,1.717625
32.4800,1.718000
32.4900,1.718375
32.5000,1.718750
32.5100,1.719125
32.5200,1.719500
32.5300,1.719875
32.5400,1.720250
32.5500,1.720625
32.5600,1.721000
32.5700,1.721375
32.5800,1.721750
32.5900,1.722125
32.6000,1.722500
32.6100,1.722875
32.6200,1.723250
32.6300,1.723625
32.6400,1.724000
32.6500,1.724375
32.6600,1.724750
32.6700,1.725125
32.6800,1.725500
32.6900,1.725875
32.7000,1.726250
32.7100,1.726625
32.7200,1.727000
32.7300,1.727375
32.7400,1.727750
32.7500,1.728125
32.7600,1.728500
32.7700,1.728875
32.7800,1.729250
32.7900,1.729625
32.8000,1.730000
32.8100,1.730375
32.8200,1.730750
32.8300,1.731125
32.8400,1.731500
32.8500,1.731875
32.8600,1.732250
32.8700,1.732625
32.8800,1.733000
32.8900,1.733375
32.9000,1.733750
32.9100,1.734125
32.9200,1.734500
32.9300,1.734875
32.9400,1.735250
32.9500,1.735625
32.9600,1.736000
32.9700,1.736375
32.9800,1.736750
32.9900,1.737125
33.0000,1.737500
33.0100,1.737875
33.0200,1.738250
33.0300,1.738625
33.0400,1.739000
33.0500,1.739375
33.0600,1.739750
33.0700,1.740125
33.0800,1.740500
33.0900,1.740875
33.1000,1.741250
33.1100,1.741625
33.1200,1.742000
33.1300,1.742375
33.1400,1.742750
33.1500,1.743125
33.1600,1.743500
33.1700,1.743875
33.1800,1.744250
33.1900,1.744625
33.2000,1.745000
33.2100,1.745375
33.2200,1.745750
33.2300,1.746125
33.2400,1.746500
33.2500,1.746875
33.2600,1.747250
33.2700,1.747625
33.2800,1.748000
33.2900,1.748375
33.3000,1.748750
33.3100,1.749125
33.3200,1.749500
33.3300,1.749875
33.3400,1.750250
33.3500,1.750625
33.3600,1.751000
33.3700,1.751375
33.3800,1.751750
33.3900,1.752125
33.4000,1.752500
33.4100,1.752875
33.4200,1.753250
33.4300,1.753625
33.4400,1.754000
33.4500,1.754375
33.4600,1.754750
33.4700,1.755125
33.4800,1.755500
33.4900,1.755875
33.5000,1.756250
33.5100,1.756625
33.5200,1.757000
33.5300,1.757375
33.5400,1.757750
33.5500,1.758125
33.5600,1.758500
33.5700,1.758875
33.5800,1.759250
33.5900,1.759625
33.6000,1.760000
33.6100,1.760375
33.6200,1.760750
33.6300,1.761125
33.6400,1.761500
33.6500,1.761875
33.6600,1.762250
33.6700,1.762625
33.6800,1.763000
33.6900,1.763375
33.7000,1.763750
33.7100,1.764125
33.7200,1.764500
33.7300,1.764875
33.7400,1.765250
33.7500,1.765625
33.7600,1.766000
33.7700,1.766375
33.7800,1.766750
33.7900,1.767125
33.8000,1.767500
33.8100,1.767875
33.8200,1.768250
33.8300,1.768625
33.8400,1.769000
33.8500,1.769375
33.8600,1.769750
33.8700,1.770125
33.8800,1.770500
33.8900,1.770875
33.9000,1.771250
33.9100,1.771625
33.9200,1.772000
33.9300,1.772375
33.9400,1.772750
33.9500,1.773125
33.9600,1.773500
33.9700,1.773875
33.9800,1.774250
33.9900,1.774625
34.0000,1.775000
34.0100,1.775375
34.0200,1.775750
34.0300,1.776125
34.0400,1.776500
34.0500,1.776875
34.0600,1.777250
34.0700,1.777625
34.0800,1.778000
34.0900,1.778375
34.1000,1.778750
34.1100,1.779125
34.1200,1.779500
34.1300,1.779875
34.1400,1.780250
34.1500,1.780625
34.1600,1.781000
34.1700,1.781375
34.1800,1.781750
34.1900,1.782125
34.2000,1.782500
34.2100,1.782875
34.2200,1.783250
34.2300,1.783625
34.2400,1.784000
34.2500,1.784375
34.2600,1.784750
34.2700,1.785125
34.2800,1.785500
34.2900,1.785875
34.3000,1.786250
34.3100,1.786625
34.3200,1.787000
34.3300,1.787375
34.3400,1.787750
34.3500,1.788125
34.3600,1.788500
34.3700,1.788875
34.3800,1.789250
34.3900,1.789625
34.4000,1.790000
34.4100,1.790375
34.4200,1.790750
34.4300,1.791125
34.4400,1.791500
34.4500,1.791875
34.4600,1.792250
34.4700,1.792625
34.4800,1.793000
34.4900,1.793375
34.5000,1.793750
34.5100,1.794125
34.5200,1.794500
34.5300,1.794875
34.5400,1.795250
34.5500,1.795625
34.5600,1.796000
34.5700,1.796375
34.5800,1.796750
34.5900,1.797125
34.6000,1.797500
34.6100,1.797875
34.6200,1.798250
34.6300,1.798625
34.6400,1.799000
34.6500,1.799375
34.6600,1.799750
34.6700,1.800125
34.6800,1.800500
34.6900,1.800875
34.7000,1.801250
34.7100,1.801625
34.7200,1.802000
34.7300,1.802375
34.7400,1.802750
34.7500,1.803125
34.7600,1.803500
34.7700,1.803875
34.7800,1.804250
34.7900,1.804625
34.8000,1.805000
34.8100,1.805375
34.8200,1.805750
34.8300,1.806125
34.8400,1.806500
34.8500,1.806875
34.8600,1.807250
34.8700,1.807625
34.8800,1.808000
34.8900,1.808375
34.9000,1.808750
34.9100,1.809125
34.9200,1.809500
34.9300,1.809875
34.9400,1.810250
34.9500,1.810625
34.9600,1.811000
34.9700,1.811375
34.9800,1.811750
34.9900,1.812125
35.0000,1.812500
35.0100,1.812875
35.0200,1.813250
35.0300,1.813625
35.0400,1.814000
35.0500,1.814375
35.0600,1.814750
35.0700,1.815125
35.0800,1.815500
35.0900,1.815875
35.1000,1.816250
35.1100,1.816625
35.1200,1.817000
35.1300,1.817375
35.1400,1.817750
35.1500,1.818125
35.1600,1.818500
35.1700,1.818875
35.1800,1.819250
35.1900,1.819625
35.2000,1.820000
35.2100,1.820375
35.2200,1.820750
35.2300,1.821125
35.2400,1.821500
35.2500,1.821875
35.2600,1.822250
35.2700,1.822625
35.2800,1.823000
35.2900,1.823375
35.3000,1.823750
35.3100,1.824125
35.3200,1.824500
35.3300,1.824875
35.3400,1.825250
35.3500,1.825625
35.3600,1.826000
35.3700,1.826375
35.3800,1.826750
35.3900,1.827125
35.4000,1.827500
35.4100,1.827875
35.4200,1.828250
35.4300,1.828625
35.4400,1.829000
35.4500,1.829375
35.4600,1.829750
35.4700,1.830125
35.4800,1.830500
35.4900,1.830875
35.5000,1.831250
35.5100,1.831625
35.5200,1.832000
35.5300,1.832375
35.5400,1.832750
35.5500,1.833125
35.5600,1.833500
35.5700,1.833875
35.5800,1.834250
35.5900,1.834625
35.6000,1.835000
35.6100,1.835375
35.6200,1.835750
35.6300,1.836125
35.6400,1.836500
35.6500,1.836875
35.6600,1.837250
35.6700,1.837625
35.6800,1.838000
35.6900,1.838375
35.7000,1.838750
35.7100,1.839125
35.7200,1.839500
35.7300,1.839875
35.7400,1.840250
35.7500,1.840625
35.7600,1.841000
35.7700,1.841375
35.7800,1.841750
35.7900,1.842125
35.8000,1.842500
35.8100,1.842875
35.8200,1.843250
35.8300,1.843625
35.8400,1.844000
35.8500,1.844375
35.8600,1.844750
35.8700,1.845125
35.8800,1.845500
35.8900,1.845875
35.9000,1.846250
35.9100,1.846625
35.9200,1.847000
35.9300,1.847375
35.9400,1.847750
35.9500,1.848125
35.9600,1.848500
35.9700,1.848875
35.9800,1.849250
35.9900,1.849625
36.0000,1.850000
36.0100,1.850375
36.0200,1.850750
36.0300,1.851125
36.0400,1.851500
36.0500,1.851875
36.0600,1.852250
36.0700,1.852625
36.0800,1.853000
36.0900,1.853375
36.1000,1.853750
36.1100,1.854125
36.1200,1.854500
36.1300,1.854875
36.1400,1.855250
36.1500,1.855625
36.1600,1.856000
36.1700,1.856375
36.1800,1.856750
36.1900,1.857125
36.2000,1.857500
36.2100,1.857875
36.2200,1.858250
36.2300,1.858625
36.2400,1.859000
36.2500,1.859375
36.2600,1.859750
36.2700,1.860125
36.2800,1.860500
36.2900,1.860875
36.3000,1.861250
36.3100,1.861625
36.3200,1.862000
36.3300,1.862375
36.3400,1.862750
36.3500,1.863125
36.3600,1.863500
36.3700,1.863875
36.3800,1.864250
36.3900,1.864625
36.4000,1.865000
36.4100,1.865375
36.4200,1.865750
36.4300,1.866125
36.4400,1.866500
36.4500,1.866875
36.4600,1.867250
36.4700,1.867625
36.4800,1.868000
36.4900,1.868375
36.5000,1.868750
36.5100,1.869125
36.5200,1.869500
36.5300,1.869875
36.5400,1.870250
36.5500,1.870625
36.5600,1.871000
36.5700,1.871375
36.5800,1.871750
36.5900,1.872125
36.6000,1.872500
36.6100,1.872875
36.6200,1.873250
36.6300,1.873625
36.6400,1.874000
36.6500,1.874375
36.6600,1.874750
36.6700,1.875125
36.6800,1.875500
36.6900,1.875875
36.7000,1.876250
36.7100,1.876625
36.7200,1.877000
36.7300,1.877375
36.7400,1.877750
36.7500,1.878125
36.7600,1.878500
36.7700,1.878875
36.7800,1.879250
36.7900,1.879625
36.8000,1.880000
36.8100,1.880375
36.8200,1.880750
36.8300,1.881125
36.8400,1.881500
36.8500,1.881875
36.8600,1.882250
36.8700,1.882625
36.8800,1.883000
36.8900,1.883375
36.9000,1.883750
36.9100,1.884125
36.9200,1.884500
36.9300,1.884875
36.9400,1.885250
36.9500,1.885625
36.9600,1.886000
36.9700,1.886375
36.9800,1.886750
36.9900,1.887125
37.0000,1.887500
37.0100,1.887875
37.0200,1.888250
37.0300,1.888625
37.0400,1.889000
37.0500,1.889375
37.0600,1.889750
37.0700,1.890125
37.0800,1.890500
37.0900,1.890875
37.1000,1.891250
37.1100,1.891625
37.1200,1.892000
37.1300,1.892375
37.1400,1.892750
37.1500,1.893125
37.1600,1.893500
37.1700,1.893875
37.1800,1.894250
37.1900,1.894625
37.2000,1.895000
37.2100,1.895375
37.2200,1.895750
37.2300,1.896125
37.2400,1.896500
37.2500,1.896875
37.2600,1.897250
37.2700,1.897625
37.2800,1.898000
37.2900,1.898375
37.3000,1.898750
37.3100,1.899125
37.3200,1.899500
37.3300,1.899875
37.3400,1.900250
37.3500,1.900625
37.3600,1.901000
37.3700,1.901375
37.3800,1.901750
37.3900,1.902125
37.4000,1.902500
37.4100,1.902875
37.4200,1.903250
37.4300,1.903625
37.4400,1.904000
37.4500,1.904375
37.4600,1.904750
37.4700,1.905125
37.4800,1.905500
37.4900,1.905875
37.5000,1.906250
37.5100,1.906625
37.5200,1.907000
37.5300,1.907375
37.5400,1.907750
37.5500,1.908125
37.5600,1.908500
37.5700,1.908875
37.5800,1.909250
37.5900,1.909625
37.6000,1.910000
37.6100,1.910375
37.6200,1.910750
37.6300,1.911125
37.6400,1.911500
37.6500,1.911875
37.6600,1.912250
37.6700,1.912625
37.6800,1.913000
37.6900,1.913375
37.7000,1.913750
37.7100,1.914125
37.7200,1.914500
37.7300,1.914875
37.7400,1.915250
37.7500,1.915625
37.7600,1.916000
37.7700,1.916375
37.7800,1.916750
37.7900,1.917125
37.8000,1.917500
37.8100,1.917875
37.8200,1.918250
37.8300,1.918625
37.8400,1.919000
37.8500,1.919375
37.8600,1.919750
37.8700,1.920125
37.8800,1.920500
37.8900,1.920875
37.9000,1.921250
37.9100,1.921625
37.9200,1.922000
37.9300,1.922375
37.9400,1.922750
37.9500,1.923125
37.9600,1.923500
37.9700,1.923875
37.9800,1.924250
37.9900,1.924625
38.0000,1.925000
38.0100,1.925375
38.0200,1.925750
38.0300,1.926125
38.0400,1.926500
38.0500,1.926875
38.0600,1.927250
38.0700,1.927625
38.0800,1.928000
38.0900,1.928375
38.1000,1.928750
38.1100,1.929125
38.1200,1.929500
38.1300,1.929875
38.1400,1.930250
38.1500,1.930625
38.1600,1.931000
38.1700,1.931375
38.1800,1.931750
38.1900,1.932125
38.2000,1.932500
38.2100,1.932875
38.2200,1.933250
38.2300,1.933625
38.2400,1.934000
38.2500,1.934375
38.2600,1.934750
38.2700,1.935125
38.2800,1.935500
38.2900,1.935875
38.3000,1.936250
38.3100,1.936625
38.3200,1.937000
38.3300,1.937375
38.3400,1.937750
38.3500,1.938125
38.3600,1.938500
38.3700,1.938875
38.3800,1.939250
38.3900,1.939625
38.4000,1.940000
38.4100,1.940375
38.4200,1.940750
38.4300,1.941125
38.4400,1.941500
38.4500,1.941875
38.4600,1.942250
38.4700,1.942625
38.4800,1.943000
38.4900,1.943375
38.5000,1.943750
38.5100,1.944125
38.5200,1.944500
38.5300,1.944875
38.5400,1.945250
38.5500,1.945625
38.5600,1.946000
38.5700,1.946375
38.5800,1.946750
38.5900,1.947125
38.6000,1.947500
38.6100,1.947875
38.6200,1.948250
38.6300,1.948625
38.6400,1.949000
38.6500,1.949375
38.6600,1.949750
38.6700,1.950125
38.6800,1.950500
38.6900,1.950875
38.7000,1.951250
38.7100,1.951625
38.7200,1.952000
38.7300,1.952375
38.7400,1.952750
38.7500,1.953125
38.7600,1.953500
38.7700,1.953875
38.7800,1.954250
38.7900,1.954625
38.8000,1.955000
38.8100,1.955375
38.8200,1.955750
38.8300,1.956125
38.8400,1.956500
38.8500,1.956875
38.8600,1.957250
38.8700,1.957625
38.8800,1.958000
38.8900,1.958375
38.9000,1.958750
38.9100,1.959125
38.9200,1.959500
38.9300,1.959875
38.9400,1.960250
38.9500,1.960625
38.9600,1.961000
38.9700,1.961375
38.9800,1.961750
38.9900,1.962125
39.0000,1.962500
39.0100,1.962875
39.0200,1.963250
39.0300,1.963625
39.0400,1.964000
39.0500,1.964375
39.0600,1.964750
39.0700,1.965125
39.0800,1.965500
39.0900,1.965875
39.1000,1.966250
39.1100,1.966625
39.1200,1.967000
39.1300,1.967375
39.1400,1.967750
39.1500,1.968125
39.1600,1.968500
39.1700,1.968875
39.1800,1.969250
39.1900,1.969625
39.2000,1.970000
39.2100,1.970375
39.2200,1.970750
39.2300,1.971125
39.2400,1.971500
39.2500,1.971875
39.2600,1.972250
39.2700,1.972625
39.2800,1.973000
39.2900,1.973375
39.3000,1.973750
39.3100,1.974125
39.3200,1.974500
39.3300,1.974875
39.3400,1.975250
39.3500,1.975625
39.3600,1.976000
39.3700,1.976375
39.3800,1.976750
39.3900,1.977125
39.4000,1.977500
39.4100,1.977875
39.4200,1.978250
39.4300,1.978625
39.4400,1.979000
39.4500,1.979375
39.4600,1.979750
39.4700,1.980125
39.4800,1.980500
39.4900,1.980875
39.5000,1.981250
39.5100,1.981625
39.5200,1.982000
39.5300,1.982375
39.5400,1.982750
39.5500,1.983125
39.5600,1.983500
39.5700,1.983875
39.5800,1.984250
39.5900,1.984625
39.6000,1.985000
39.6100,1.985375
39.6200,1.985750
39.6300,1.986125
39.6400,1.986500
39.6500,1.986875
39.6600,1.987250
39.6700,1.987625
39.6800,1.988000
39.6900,1.988375
39.7000,1.988750
39.7100,1.989125
39.7200,1.989500
39.7300,1.989875
39.7400,1.990250
39.7500,1.990625
39.7600,1.991000
39.7700,1.991375
39.7800,1.991750
39.7900,1.992125
39.8000,1.992500
39.8100,1.992875
39.8200,1.993250
39.8300,1.993625
39.8400,1.994000
39.8500,1.994375
39.8600,1.994750
39.8700,1.995125
39.8800,1.995500
39.8900,1.995875
39.9000,1.996250
39.9100,1.996625
39.9200,1.997000
39.9300,1.997375
39.9400,1.997750
39.9500,1.998125
39.9600,1.998500
39.9700,1.998875
39.9800,1.999250
39.9900,1.999625
40.0000,2.000000
40.0100,2.000375
40.0200,2.000750
40.0300,2.001125
40.0400,2.001500
40.0500,2.001875
40.0600,2.002250
40.0700,2.002625
40.0800,2.003000
40.0900,2.003375
40.1000,2.003750
40.1100,2.004125
40.1200,2.004500
40.1300,2.004875
40.1400,2.005250
40.1500,2.005625
40.1600,2.006000
40.1700,2.006375
40.1800,2.006750
40.1900,2.007125
40.2000,2.007500
40.2100,2.007875
40.2200,2.008250
40.2300,2.008625
40.2400,2.009000
40.2500,2.009375
40.2600,2.009750
40.2700,2.010125
40.2800,2.010500
40.2900,2.010875
40.3000,2.011250
40.3100,2.011625
40.3200,2.012000
40.3300,2.012375
40.3400,2.012750
40.3500,2.013125
40.3600,2.013500
40.3700,2.013875
40.3800,2.014250
40.3900,2.014625
40.4000,2.015000
40.4100,2.015375
40.4200,2.015750
40.4300,2.016125
40.4400,2.016500
40.4500,2.016875
40.4600,2.017250
40.4700,2.017625
40.4800,2.018000
40.4900,2.018375
40.5000,2.018750
40.5100,2.019125
40.5200,2.019500
40.5300,2.019875
40.5400,2.020250
40.5500,2.020625
40.5600,2.021000
40.5700,2.021375
40.5800,2.021750
40.5900,2.022125
40.6000,2.022500
40.6100,2.022875
40.6200,2.023250
40.6300,2.023625
40.6400,2.024000
40.6500,2.024375
40.6600,2.024750
40.6700,2.025125
40.6800,2.025500
40.6900,2.025875
40.7000,2.026250
40.7100,2.026625
40.7200,2.027000
40.7300,2.027375
40.7400,2.027750
40.7500,2.028125
40.7600,2.028500
40.7700,2.028875
40.7800,2.029250
40.7900,2.029625
40.8000,2.030000
40.8100,2.030375
40.8200,2.030750
40.8300,2.031125
40.8400,2.031500
40.8500,2.031875
40.8600,2.032250
40.8700,2.032625
40.8800,2.033000
40.8900,2.033375
40.9000,2.033750
40.9100,2.034125
40.9200,2.034500
40.9300,2.034875
40.9400,2.035250
40.9500,2.035625
40.9600,2.036000
40.9700,2.036375
40.9800,2.036750
40.9900,2.037125
41.0000,2.037500
41.0100,2.037875
41.0200,2.038250
41.0300,2.038625
41.0400,2.039000
41.0500,2.039375
41.0600,2.039750
41.0700,2.040125
41.0800,2.040500
41.0900,2.040875
41.1000,2.041250
41.1100,2.041625
41.1200,2.042000
41.1300,2.042375
41.1400,2.042750
41.1500,2.043125
41.1600,2.043500
41.1700,2.043875
41.1800,2.044250
41.1900,2.044625
41.2000,2.045000
41.2100,2.045375
41.2200,2.045750
41.2300,2.046125
41.2400,2.046500
41.2500,2.046875
41.2600,2.047250
41.2700,2.047625
41.2800,2.048000
41.2900,2.048375
41.3000,2.048750
41.3100,2.049125
41.3200,2.049500
41.3300,2.049875
41.3400,2.050250
41.3500,2.050625
41.3600,2.051000
41.3700,2.051375
41.3800,2.051750
41.3900,2.052125
41.4000,2.052500
41.4100,2.052875
41.4200,2.053250
41.4300,2.053625
41.4400,2.054000
41.4500,2.054375
41.4600,2.054750
41.4700,2.055125
41.4800,2.055500
41.4900,2.055875
41.5000,2.056250
41.5100,2.056625
41.5200,2.057000
41.5300,2.057375
41.5400,2.057750
41.5500,2.058125
41.5600,2.058500
41.5700,2.058875
41.5800,2.059250
41.5900,2.059625
41.6000,2.060000
41.6100,2.060375
41.6200,2.060750
41.6300,2.061125
41.6400,2.061500
41.6500,2.061875
41.6600,2.062250
41.6700,2.062625
41.6800,2.063000
41.6900,2.063375
41.7000,2.063750
41.7100,2.064125
41.7200,2.064500
41.7300,2.064875
41.7400,2.065250
41.7500,2.065625
41.7600,2.066000
41.7700,2.066375
41.7800,2.066750
41.7900,2.067125
41.8000,2.067500
41.8100,2.067875
41.8200,2.068250
41.8300,2.068625
41.8400,2.069000
41.8500,2.069375
41.8600,2.069750
41.8700,2.070125
41.8800,2.070500
41.8900,2.070875
41.9000,2.071250
41.9100,2.071625
41.9200,2.072000
41.9300,2.072375
41.9400,2.072750
41.9500,2.073125
41.9600,2.073500
41.9700,2.073875
41.9800,2.074250
41.9900,2.074625
42.0000,2.075000
42.0100,2.075375
42.0200,2.075750
42.0300,2.076125
42.0400,2.076500
42.0500,2.076875
42.0600,2.077250
42.0700,2.077625
42.0800,2.078000
42.0900,2.078375
42.1000,2.078750
42.1100,2.079125
42.1200,2.079500
42.1300,2.079875
42.1400,2.080250
42.1500,2.080625
42.1600,2.081000
42.1700,2.081375
42.1800,2.081750
42.1900,2.082125
42.2000,2.082500
42.2100,2.082875
42.2200,2.083250
42.2300,2.083625
42.2400,2.084000
42.2500,2.084375
42.2600,2.084750
42.2700,2.085125
42.2800,2.085500
42.2900,2.085875
42.3000,2.086250
42.3100,2.086625
42.3200,2.087000
42.3300,2.087375
42.3400,2.087750
42.3500,2.088125
42.3600,2.088500
42.3700,2.088875
42.3800,2.089250
42.3900,2.089625
42.4000,2.090000
42.4100,2.090375
42.4200,2.090750
42.4300,2.091125
42.4400,2.091500
42.4500,2.091875
42.4600,2.092250
42.4700,2.092625
42.4800,2.093000
42.4900,2.093375
42.5000,2.093750
42.5100,2.094125
42.5200,2.094500
42.5300,2.094875
42.5400,2.095250
42.5500,2.095625
42.5600,2.096000
42.5700,2.096375
42.5800,2.096750
42.5900,2.097125
42.6000,2.097500
42.6100,2.097875
42.6200,2.098250
42.6300,2.098625
42.6400,2.099000
42.6500,2.099375
42.6600,2.099750
42.6700,2.100125
42.6800,2.100500
42.6900,2.100875
42.7000,2.101250
42.7100,2.101625
42.7200,2.102000
42.7300,2.102375
42.7400,2.102750
42.7500,2.103125
42.7600,2.103500
42.7700,2.103875
42.7800,2.104250
42.7900,2.104625
42.8000,2.105000
42.8100,2.105375
42.8200,2.105750
42.8300,2.106125
42.8400,2.106500
42.8500,2.106875
42.8600,2.107250
42.8700,2.107625
42.8800,2.108000
42.8900,2.108375
42.9000,2.108750
42.9100,2.109125
42.9200,2.109500
42.9300,2.109875
42.9400,2.110250
42.9500,2.110625
42.9600,2.111000
42.9700,2.111375
42.9800,2.111750
42.9900,2.112125
43.0000,2.112500
43.0100,2.112875
43.0200,2.113250
43.0300,2.113625
43.0400,2.114000
43.0500,2.114375
43.0600,2.114750
43.0700,2.115125
43.0800,2.115500
43.0900,2.115875
43.1000,2.116250
43.1100,2.116625
43.1200,2.117000
43.1300,2.117375
43.1400,2.117750
43.1500,2.118125
43.1600,2.118500
43.1700,2.118875
43.1800,2.119250
43.1900,2.119625
43.2000,2.120000
43.2100,2.120375
43.2200,2.120750
43.2300,2.121125
43.2400,2.121500
43.2500,2.121875
43.2600,2.122250
43.2700,2.122625
43.2800,2.123000
43.2900,2.123375
43.3000,2.123750
43.3100,2.124125
43.3200,2.124500
43.3300,2.124875
43.3400,2.125250
43.3500,2.125625
43.3600,2.126000
43.3700,2.126375
43.3800,2.126750
43.3900,2.127125
43.4000,2.127500
43.4100,2.127875
43.4200,2.128250
43.4300,2.128625
43.4400,2.129000
43.4500,2.129375
43.4600,2.129750
43.4700,2.130125
43.4800,2.130500
43.4900,2.130875
43.5000,2.131250
43.5100,2.131625
43.5200,2.132000
43.5300,2.132375
43.5400,2.132750
43.5500,2.133125
43.5600,2.133500
43.5700,2.133875
43.5800,2.134250
43.5900,2.134625
43.6000,2.135000
43.6100,2.135375
43.6200,2.135750
43.6300,2.136125
43.6400,2.136500
43.6500,2.136875
43.6600,2.137250
43.6700,2.137625
43.6800,2.138000
43.6900,2.138375
43.7000,2.138750
43.7100,2.139125
43.7200,2.139500
43.7300,2.139875
43.7400,2.140250
43.7500,2.140625
43.7600,2.141000
43.7700,2.141375
43.7800,2.141750
43.7900,2.142125
43.8000,2.142500
43.8100,2.142875
43.8200,2.143250
43.8300,2.143625
43.8400,2.144000
43.8500,2.144375
43.8600,2.144750
43.8700,2.145125
43.8800,2.145500
43.8900,2.145875
43.9000,2.146250
43.9100,2.146625
43.9200,2.147000
43.9300,2.147375
43.9400,2.147750
43.9500,2.148125
43.9600,2.148500
43.9700,2.148875
43.9800,2.149250
43.9900,2.149625
44.0000,2.150000
44.0100,2.150375
44.0200,2.150750
44.0300,2.151125
44.0400,2.151500
44.0500,2.151875
44.0600,2.152250
44.0700,2.152625
44.0800,2.153000
44.0900,2.153375
44.1000,2.153750
44.1100,2.154125
44.1200,2.154500
44.1300,2.154875
44.1400,2.155250
44.1500,2.155625
44.1600,2.156000
44.1700,2.156375
44.1800,2.156750
44.1900,2.157125
44.2000,2.157500
44.2100,2.157875
44.2200,2.158250
44.2300,2.158625
44.2400,2.159000
44.2500,2.159375
44.2600,2.159750
44.2700,2.160125
44.2800,2.160500
44.2900,2.160875
44.3000,2.161250
44.3100,2.161625
44.3200,2.162000
44.3300,2.162375
44.3400,2.162750
44.3500,2.163125
44.3600,2.163500
44.3700,2.163875
44.3800,2.164250
44.3900,2.164625
44.4000,2.165000
44.4100,2.165375
44.4200,2.165750
44.4300,2.166125
44.4400,2.166500
44.4500,2.166875
44.4600,2.167250
44.4700,2.167625
44.4800,2.168000
44.4900,2.168375
44.5000,2.168750
44.5100,2.169125
44.5200,2.169500
44.5300,2.169875
44.5400,2.170250
44.5500,2.170625
44.5600,2.171000
44.5700,2.171375
44.5800,2.171750
44.5900,2.172125
44.6000,2.172500
44.6100,2.172875
44.6200,2.173250
44.6300,2.173625
44.6400,2.174000
44.6500,2.174375
44.6600,2.174750
44.6700,2.175125
44.6800,2.175500
44.6900,2.175875
44.7000,2.176250
44.7100,2.176625
44.7200,2.177000
44.7300,2.177375
44.7400,2.177750
44.7500,2.178125
44.7600,2.178500
44.7700,2.178875
44.7800,2.179250
44.7900,2.179625
44.8000,2.180000
44.8100,2.180375
44.8200,2.180750
44.8300,2.181125
44.8400,2.181500
44.8500,2.181875
44.8600,2.182250
44.8700,2.182625
44.8800,2.183000
44.8900,2.183375
44.9000,2.183750
44.9100,2.184125
44.9200,2.184500
44.9300,2.184875
44.9400,2.185250
44.9500,2.185625
44.9600,2.186000
44.9700,2.186375
44.9800,2.186750
44.9900,2.187125
45.0000,2.187500
45.0100,2.187875
45.0200,2.188250
45.0300,2.188625
45.0400,2.189000
45.0500,2.189375
45.0600,2.189750
45.0700,2.190125
45.0800,2.190500
45.0900,2.190875
45.1000,2.191250
45.1100,2.191625
45.1200,2.192000
45.1300,2.192375
45.1400,2.192750
45.1500,2.193125
45.1600,2.193500
45.1700,2.193875
45.1800,2.194250
45.1900,2.194625
45.2000,2.195000
45.2100,2.195375
45.2200,2.195750
45.2300,2.196125
45.2400,2.196500
45.2500,2.196875
45.2600,2.197250
45.2700,2.197625
45.2800,2.198000
45.2900,2.198375
45.3000,2.198750
45.3100,2.199125
45.3200,2.199500
45.3300,2.199875
45.3400,2.200250
45.3500,2.200625
45.3600,2.201000
45.3700,2.201375
45.3800,2.201750
45.3900,2.202125
45.4000,2.202500
45.4100,2.202875
45.4200,2.203250
45.4300,2.203625
45.4400,2.204000
45.4500,2.204375
45.4600,2.204750
45.4700,2.205125
45.4800,2.205500
45.4900,2.205875
45.5000,2.206250
45.5100,2.206625
45.5200,2.207000
45.5300,2.207375
45.5400,2.207750
45.5500,2.208125
45.5600,2.208500
45.5700,2.208875
45.5800,2.209250
45.5900,2.209625
45.6000,2.210000
45.6100,2.210375
45.6200,2.210750
45.6300,2.211125
45.6400,2.211500
45.6500,2.211875
45.6600,2.212250
45.6700,2.212625
45.6800,2.213000
45.6900,2.213375
45.7000,2.213750
45.7100,2.214125
45.7200,2.214500
45.7300,2.214875
45.7400,2.215250
45.7500,2.215625
45.7600,2.216000
45.7700,2.216375
45.7800,2.216750
45.7900,2.217125
45.8000,2.217500
45.8100,2.217875
45.8200,2.218250
45.8300,2.218625
45.8400,2.219000
45.8500,2.219375
45.8600,2.219750
45.8700,2.220125
45.8800,2.220500
45.8900,2.220875
45.9000,2.221250
45.9100,2.221625
45.9200,2.222000
45.9300,2.222375
45.9400,2.222750
45.9500,2.223125
45.9600,2.223500
45.9700,2.223875
45.9800,2.224250
45.9900,2.224625
46.0000,2.225000
46.0100,2.225375
46.0200,2.225750
46.0300,2.226125
46.0400,2.226500
46.0500,2.226875
46.0600,2.227250
46.0700,2.227625
46.0800,2.228000
46.0900,2.228375
46.1000,2.228750
46.1100,2.229125
46.1200,2.229500
46.1300,2.229875
46.1400,2.230250
46.1500,2.230625
46.1600,2.231000
46.1700,2.231375
46.1800,2.231750
46.1900,2.232125
46.2000,2.232500
46.2100,2.232875
46.2200,2.233250
46.2300,2.233625
46.2400,2.234000
46.2500,2.234375
46.2600,2.234750
46.2700,2.235125
46.2800,2.235500
46.2900,2.235875
46.3000,2.236250
46.3100,2.236625
46.3200,2.237000
46.3300,2.237375
46.3400,2.237750
46.3500,2.238125
46.3600,2.238500
46.3700,2.238875
46.3800,2.239250
46.3900,2.239625
46.4000,2.240000
46.4100,2.240375
46.4200,2.240750
46.4300,2.241125
46.4400,2.241500
46.4500,2.241875
46.4600,2.242250
46.4700,2.242625
46.4800,2.243000
46.4900,2.243375
46.5000,2.243750
46.5100,2.244125
46.5200,2.244500
46.5300,2.244875
46.5400,2.245250
46.5500,2.245625
46.5600,2.246000
46.5700,2.246375
46.5800,2.246750
46.5900,2.247125
46.6000,2.247500
46.6100,2.247875
46.6200,2.248250
46.6300,2.248625
46.6400,2.249000
46.6500,2.249375
46.6600,2.249750
46.6700,2.250125
46.6800,2.250500
46.6900,2.250875
46.7000,2.251250
46.7100,2.251625
46.7200,2.252000
46.7300,2.252375
46.7400,2.252750
46.7500,2.253125
46.7600,2.253500
46.7700,2.253875
46.7800,2.254250
46.7900,2.254625
46.8000,2.255000
46.8100,2.255375
46.8200,2.255750
46.8300,2.256125
46.8400,2.256500
46.8500,2.256875
46.8600,2.257250
46.8700,2.257625
46.8800,2.258000
46.8900,2.258375
46.9000,2.258750
46.9100,2.259125
46.9200,2.259500
46.9300,2.259875
46.9400,2.260250
46.9500,2.260625
46.9600,2.261000
46.9700,2.261375
46.9800,2.261750
46.9900,2.262125
47.0000,2.262500
47.0100,2.262875
47.0200,2.263250
47.0300,2.263625
47.0400,2.264000
47.0500,2.264375
47.0600,2.264750
47.0700,2.265125
47.0800,2.265500
47.0900,2.265875
47.1000,2.266250
47.1100,2.266625
47.1200,2.267000
47.1300,2.267375
47.1400,2.267750
47.1500,2.268125
47.1600,2.268500
47.1700,2.268875
47.1800,2.269250
47.1900,2.269625
47.2000,2.270000
47.2100,2.270375
47.2200,2.270750
47.2300,2.271125
47.2400,2.271500
47.2500,2.271875
47.2600,2.272250
47.2700,2.272625
47.2800,2.273000
47.2900,2.273375
47.3000,2.273750
47.3100,2.274125
47.3200,2.274500
47.3300,2.274875
47.3400,2.275250
47.3500,2.275625
47.3600,2.276000
47.3700,2.276375
47.3800,2.276750
47.3900,2.277125
47.4000,2.277500
47.4100,2.277875
47.4200,2.278250
47.4300,2.278625
47.4400,2.279000
47.4500,2.279375
47.4600,2.279750
47.4700,2.280125
47.4800,2.280500
47.4900,2.280875
47.5000,2.281250
47.5100,2.281625
47.5200,2.282000
47.5300,2.282375
47.5400,2.282750
47.5500,2.283125
47.5600,2.283500
47.5700,2.283875
47.5800,2.284250
47.5900,2.284625
47.6000,2.285000
47.6100,2.285375
47.6200,2.285750
47.6300,2.286125
47.6400,2.286500
47.6500,2.286875
47.6600,2.287250
47.6700,2.287625
47.6800,2.288000
47.6900,2.288375
47.7000,2.288750
47.7100,2.289125
47.7200,2.289500
47.7300,2.289875
47.7400,2.290250
47.7500,2.290625
47.7600,2.291000
47.7700,2.291375
47.7800,2.291750
47.7900,2.292125
47.8000,2.292500
47.8100,2.292875
47.8200,2.293250
47.8300,2.293625
47.8400,2.294000
47.8500,2.294375
47.8600,2.294750
47.8700,2.295125
47.8800,2.295500
47.8900,2.295875
47.9000,2.296250
47.9100,2.296625
47.9200,2.297000
47.9300,2.297375
47.9400,2.297750
47.9500,2.298125
47.9600,2.298500
47.9700,2.298875
47.9800,2.299250
47.9900,2.299625
48.0000,2.300000
48.0100,2.300375
48.0200,2.300750
48.0300,2.301125
48.0400,2.301500
48.0500,2.301875
48.0600,2.302250
48.0700,2.302625
48.0800,2.303000
48.0900,2.303375
48.1000,2.303750
48.1100,2.304125
48.1200,2.304500
48.1300,2.304875
48.1400,2.305250
48.1500,2.305625
48.1600,2.306000
48.1700,2.306375
48.1800,2.306750
48.1900,2.307125
48.2000,2.307500
48.2100,2.307875
48.2200,2.308250
48.2300,2.308625
48.2400,2.309000
48.2500,2.309375
48.2600,2.309750
48.2700,2.310125
48.2800,2.310500
48.2900,2.310875
48.3000,2.311250
48.3100,2.311625
48.3200,2.312000
48.3300,2.312375
48.3400,2.312750
48.3500,2.313125
48.3600,2.313500
48.3700,2.313875
48.3800,2.314250
48.3900,2.314625
48.4000,2.315000
48.4100,2.315375
48.4200,2.315750
48.4300,2.316125
48.4400,2.316500
48.4500,2.316875
48.4600,2.317250
48.4700,2.317625
48.4800,2.318000
48.4900,2.318375
48.5000,2.318750
48.5100,2.319125
48.5200,2.319500
48.5300,2.319875
48.5400,2.320250
48.5500,2.320625
48.5600,2.321000
48.5700,2.321375
48.5800,2.321750
48.5900,2.322125
48.6000,2.322500
48.6100,2.322875
48.6200,2.323250
48.6300,2.323625
48.6400,2.324000
48.6500,2.324375
48.6600,2.324750
48.6700,2.325125
48.6800,2.325500
48.6900,2.325875
48.7000,2.326250
48.7100,2.326625
48.7200,2.327000
48.7300,2.327375
48.7400,2.327750
48.7500,2.328125
48.7600,2.328500
48.7700,2.328875
48.7800,2.329250
48.7900,2.329625
48.8000,2.330000
48.8100,2.330375
48.8200,2.330750
48.8300,2.331125
48.8400,2.331500
48.8500,2.331875
48.8600,2.332250
48.8700,2.332625
48.8800,2.333000
48.8900,2.333375
48.9000,2.333750
48.9100,2.334125
48.9200,2.334500
48.9300,2.334875
48.9400,2.335250
48.9500,2.335625
48.9600,2.336000
48.9700,2.336375
48.9800,2.336750
48.9900,2.337125
49.0000,2.337500
49.0100,2.337875
49.0200,2.338250
49.0300,2.338625
49.0400,2.339000
49.0500,2.339375
49.0600,2.339750
49.0700,2.340125
49.0800,2.340500
49.0900,2.340875
49.1000,2.341250
49.1100,2.341625
49.1200,2.342000
49.1300,2.342375
49.1400,2.342750
49.1500,2.343125
49.1600,2.343500
49.1700,2.343875
49.1800,2.344250
49.1900,2.344625
49.2000,2.345000
49.2100,2.345375
49.2200,2.345750
49.2300,2.346125
49.2400,2.346500
49.2500,2.346875
49.2600,2.347250
49.2700,2.347625
49.2800,2.348000
49.2900,2.348375
49.3000,2.348750
49.3100,2.349125
49.3200,2.349500
49.3300,2.349875
49.3400,2.350250
49.3500,2.350625
49.3600,2.351000
49.3700,2.351375
49.3800,2.351750
49.3900,2.352125
49.4000,2.352500
49.4100,2.352875
49.4200,2.353250
49.4300,2.353625
49.4400,2.354000
49.4500,2.354375
49.4600,2.354750
49.4700,2.355125
49.4800,2.355500
49.4900,2.355875
49.5000,2.356250
49.5100,2.356625
49.5200,2.357000
49.5300,2.357375
49.5400,2.357750
49.5500,2.358125
49.5600,2.358500
49.5700,2.358875
49.5800,2.359250
49.5900,2.359625
49.6000,2.360000
49.6100,2.360375
49.6200,2.360750
49.6300,2.361125
49.6400,2.361500
49.6500,2.361875
49.6600,2.362250
49.6700,2.362625
49.6800,2.363000
49.6900,2.363375
49.7000,2.363750
49.7100,2.364125
49.7200,2.364500
49.7300,2.364875
49.7400,2.365250
49.7500,2.365625
49.7600,2.366000
49.7700,2.366375
49.7800,2.366750
49.7900,2.367125
49.8000,2.367500
49.8100,2.367875
49.8200,2.368250
49.8300,2.368625
49.8400,2.369000
49.8500,2.369375
49.8600,2.369750
49.8700,2.370125
49.8800,2.370500
49.8900,2.370875
49.9000,2.371250
49.9100,2.371625
49.9200,2.372000
49.9300,2.372375
49.9400,2.372750
49.9500,2.373125
49.9600,2.373500
49.9700,2.373875
49.9800,2.374250
49.9900,2.374625
50.0000,2.375000
50.0100,2.375375
50.0200,2.375750
50.0300,2.376125
50.0400,2.376500
50.0500,2.376875
50.0600,2.377250
50.0700,2.377625
50.0800,2.378000
50.0900,2.378375
50.1000,2.378750
50.1100,2.379125
50.1200,2.379500
50.1300,2.379875
50.1400,2.380250
50.1500,2.380625
50.1600,2.381000
50.1700,2.381375
50.1800,2.381750
50.1900,2.382125
50.2000,2.382500
50.2100,2.382875
50.2200,2.383250
50.2300,2.383625
50.2400,2.384000
50.2500,2.384375
50.2600,2.384750
50.2700,2.385125
50.2800,2.385500
50.2900,2.385875
50.3000,2.386250
50.3100,2.386625
50.3200,2.387000
50.3300,2.387375
50.3400,2.387750
50.3500,2.388125
50.3600,2.388500
50.3700,2.388875
50.3800,2.389250
50.3900,2.389625
50.4000,2.390000
50.4100,2.390375
50.4200,2.390750
50.4300,2.391125
50.4400,2.391500
50.4500,2.391875
50.4600,2.392250
50.4700,2.392625
50.4800,2.393000
50.4900,2.393375
50.5000,2.393750
50.5100,2.394125
50.5200,2.394500
50.5300,2.394875
50.5400,2.395250
50.5500,2.395625
50.5600,2.396000
50.5700,2.396375
50.5800,2.396750
50.5900,2.397125
50.6000,2.397500
50.6100,2.397875
50.6200,2.398250
50.6300,2.398625
50.6400,2.399000
50.6500,2.399375
50.6600,2.399750
50.6700,2.400125
50.6800,2.400500
50.6900,2.400875
50.7000,2.401250
50.7100,2.401625
50.7200,2.402000
50.7300,2.402375
50.7400,2.402750
50.7500,2.403125
50.7600,2.403500
50.7700,2.403875
50.7800,2.404250
50.7900,2.404625
50.8000,2.405000
50.8100,2.405375
50.8200,2.405750
50.8300,2.406125
50.8400,2.406500
50.8500,2.406875
50.8600,2.407250
50.8700,2.407625
50.8800,2.408000
50.8900,2.408375
50.9000,2.408750
50.9100,2.409125
50.9200,2.409500
50.9300,2.409875
50.9400,2.410250
50.9500,2.410625
50.9600,2.411000
50.9700,2.411375
50.9800,2.411750
50.9900,2.412125
51.0000,2.412500
51.0100,2.412875
51.0200,2.413250
51.0300,2.413625
51.0400,2.414000
51.0500,2.414375
51.0600,2.414750
51.0700,2.415125
51.0800,2.415500
51.0900,2.415875
51.1000,2.416250
51.1100,2.416625
51.1200,2.417000
51.1300,2.417375
51.1400,2.417750
51.1500,2.418125
51.1600,2.418500
51.1700,2.418875
51.1800,2.419250
51.1900,2.419625
51.2000,2.420000
51.2100,2.420375
51.2200,2.420750
51.2300,2.421125
51.2400,2.421500
51.2500,2.421875
51.2600,2.422250
51.2700,2.422625
51.2800,2.423000
51.2900,2.423375
51.3000,2.423750
51.3100,2.424125
51.3200,2.424500
51.3300,2.424875
51.3400,2.425250
51.3500,2.425625
51.3600,2.426000
51.3700,2.426375
51.3800,2.426750
51.3900,2.427125
51.4000,2.427500
51.4100,2.427875
51.4200,2.428250
51.4300,2.428625
51.4400,2.429000
51.4500,2.429375
51.4600,2.429750
51.4700,2.430125
51.4800,2.430500
51.4900,2.430875
51.5000,2.431250
51.5100,2.431625
51.5200,2.432000
51.5300,2.432375
51.5400,2.432750
51.5500,2.433125
51.5600,2.433500
51.5700,2.433875
51.5800,2.434250
51.5900,2.434625
51.6000,2.435000
51.6100,2.435375
51.6200,2.435750
51.6300,2.436125
51.6400,2.436500
51.6500,2.436875
51.6600,2.437250
51.6700,2.437625
51.6800,2.438000
51.6900,2.438375
51.7000,2.438750
51.7100,2.439125
51.7200,2.439500
51.7300,2.439875
51.7400,2.440250
51.7500,2.440625
51.7600,2.441000
51.7700,2.441375
51.7800,2.441750
51.7900,2.442125
51.8000,2.442500
51.8100,2.442875
51.8200,2.443250
51.8300,2.443625
51.8400,2.444000
51.8500,2.444375
51.8600,2.444750
51.8700,2.445125
51.8800,2.445500
51.8900,2.445875
51.9000,2.446250
51.9100,2.446625
51.9200,2.447000
51.9300,2.447375
51.9400,2.447750
51.9500,2.448125
51.9600,2.448500
51.9700,2.448875
51.9800,2.449250
51.9900,2.449625
52.0000,2.450000
52.0100,2.450375
52.0200,2.450750
52.0300,2.451125
52.0400,2.451500
52.0500,2.451875
52.0600,2.452250
52.0700,2.452625
52.0800,2.453000
52.0900,2.453375
52.1000,2.453750
52.1100,2.454125
52.1200,2.454500
52.1300,2.454875
52.1400,2.455250
52.1500,2.455625
52.1600,2.456000
52.1700,2.456375
52.1800,2.456750
52.1900,2.457125
52.2000,2.457500
52.2100,2.457875
52.2200,2.458250
52.2300,2.458625
52.2400,2.459000
52.2500,2.459375
52.2600,2.459750
52.2700,2.460125
52.2800,2.460500
52.2900,2.460875
52.3000,2.461250
52.3100,2.461625
52.3200,2.462000
52.3300,2.462375
52.3400,2.462750
52.3500,2.463125
52.3600,2.463500
52.3700,2.463875
52.3800,2.464250
52.3900,2.464625
52.4000,2.465000
52.4100,2.465375
52.4200,2.465750
52.4300,2.466125
52.4400,2.466500
52.4500,2.466875
52.4600,2.467250
52.4700,2.467625
52.4800,2.468000
52.4900,2.468375
52.5000,2.468750
52.5100,2.469125
52.5200,2.469500
52.5300,2.469875
52.5400,2.470250
52.5500,2.470625
52.5600,2.471000
52.5700,2.471375
52.5800,2.471750
52.5900,2.472125
52.6000,2.472500
52.6100,2.472875
52.6200,2.473250
52.6300,2.473625
52.6400,2.474000
52.6500,2.474375
52.6600,2.474750
52.6700,2.475125
52.6800,2.475500
52.6900,2.475875
52.7000,2.476250
52.7100,2.476625
52.7200,2.477000
52.7300,2.477375
52.7400,2.477750
52.7500,2.478125
52.7600,2.478500
52.7700,2.478875
52.7800,2.479250
52.7900,2.479625
52.8000,2.480000
52.8100,2.480375
52.8200,2.480750
52.8300,2.481125
52.8400,2.481500
52.8500,2.481875
52.8600,2.482250
52.8700,2.482625
52.8800,2.483000
52.8900,2.483375
52.9000,2.483750
52.9100,2.484125
52.9200,2.484500
52.9300,2.484875
52.9400,2.485250
52.9500,2.485625
52.9600,2.486000
52.9700,2.486375
52.9800,2.486750
52.9900,2.487125
53.0000,2.487500
53.0100,2.487875
53.0200,2.488250
53.0300,2.488625
53.0400,2.489000
53.0500,2.489375
53.0600,2.489750
53.0700,2.490125
53.0800,2.490500
53.0900,2.490875
53.1000,2.491250
53.1100,2.491625
53.1200,2.492000
53.1300,2.492375
53.1400,2.492750
53.1500,2.493125
53.1600,2.493500
53.1700,2.493875
53.1800,2.494250
53.1900,2.494625
53.2000,2.495000
53.2100,2.495375
53.2200,2.495750
53.2300,2.496125
53.2400,2.496500
53.2500,2.496875
53.2600,2.497250
53.2700,2.497625
53.2800,2.498000
53.2900,2.498375
53.3000,2.498750
53.3100,2.499125
53.3200,2.499500
53.3300,2.499875
53.3400,2.500250
53.3500,2.500625
53.3600,2.501000
53.3700,2.501375
53.3800,2.501750
53.3900,2.502125
53.4000,2.502500
53.4100,2.502875
53.4200,2.503250
53.4300,2.503625
53.4400,2.504000
53.4500,2.504375
53.4600,2.504750
53.4700,2.505125
53.4800,2.505500
53.4900,2.505875
53.5000,2.506250
53.5100,2.506625
53.5200,2.507000
53.5300,2.507375
53.5400,2.507750
53.5500,2.508125
53.5600,2.508500
53.5700,2.508875
53.5800,2.509250
53.5900,2.509625
53.6000,2.510000
53.6100,2.510375
53.6200,2.510750
53.6300,2.511125
53.6400,2.511500
53.6500,2.511875
53.6600,2.512250
53.6700,2.512625
53.6800,2.513000
53.6900,2.513375
53.7000,2.513750
53.7100,2.514125
53.7200,2.514500
53.7300,2.514875
53.7400,2.515250
53.7500,2.515625
53.7600,2.516000
53.7700,2.516375
53.7800,2.516750
53.7900,2.517125
53.8000,2.517500
53.8100,2.517875
53.8200,2.518250
53.8300,2.518625
53.8400,2.519000
53.8500,2.519375
53.8600,2.519750
53.8700,2.520125
53.8800,2.520500
53.8900,2.520875
53.9000,2.521250
53.9100,2.521625
53.9200,2.522000
53.9300,2.522375
53.9400,2.522750
53.9500,2.523125
53.9600,2.523500
53.9700,2.523875
53.9800,2.524250
53.9900,2.524625
54.0000,2.525000
54.0100,2.525375
54.0200,2.525750
54.0300,2.526125
54.0400,2.526500
54.0500,2.526875
54.0600,2.527250
54.0700,2.527625
54.0800,2.528000
54.0900,2.528375
54.1000,2.528750
54.1100,2.529125
54.1200,2.529500
54.1300,2.529875
54.1400,2.530250
54.1500,2.530625
54.1600,2.531000
54.1700,2.531375
54.1800,2.531750
54.1900,2.532125
54.2000,2.532500
54.2100,2.532875
54.2200,2.533250
54.2300,2.533625
54.2400,2.534000
54.2500,2.534375
54.2600,2.534750
54.2700,2.535125
54.2800,2.535500
54.2900,2.535875
54.3000,2.536250
54.3100,2.536625
54.3200,2.537000
54.3300,2.537375
54.3400,2.537750
54.3500,2.538125
54.3600,2.538500
54.3700,2.538875
54.3800,2.539250
54.3900,2.539625
54.4000,2.540000
54.4100,2.540375
54.4200,2.540750
54.4300,2.541125
54.4400,2.541500
54.4500,2.541875
54.4600,2.542250
54.4700,2.542625
54.4800,2.543000
54.4900,2.543375
54.5000,2.543750
54.5100,2.544125
54.5200,2.544500
54.5300,2.544875
54.5400,2.545250
54.5500,2.545625
54.5600,2.546000
54.5700,2.546375
54.5800,2.546750
54.5900,2.547125
54.6000,2.547500
54.6100,2.547875
54.6200,2.548250
54.6300,2.548625
54.6400,2.549000
54.6500,2.549375
54.6600,2.549750
54.6700,2.550125
54.6800,2.550500
54.6900,2.550875
54.7000,2.551250
54.7100,2.551625
54.7200,2.552000
54.7300,2.552375
54.7400,2.552750
54.7500,2.553125
54.7600,2.553500
54.7700,2.553875
54.7800,2.554250
54.7900,2.554625
54.8000,2.555000
54.8100,2.555375
54.8200,2.555750
54.8300,2.556125
54.8400,2.556500
54.8500,2.556875
54.8600,2.557250
54.8700,2.557625
54.8800,2.558000
54.8900,2.558375
54.9000,2.558750
54.9100,2.559125
54.9200,2.559500
54.9300,2.559875
54.9400,2.560250
54.9500,2.560625
54.9600,2.561000
54.9700,2.561375
54.9800,2.561750
54.9900,2.562125
55.0000,2.562500
55.0100,2.562875
55.0200,2.563250
55.0300,2.563625
55.0400,2.564000
55.0500,2.564375
55.0600,2.564750
55.0700,2.565125
55.0800,2.565500
55.0900,2.565875
55.1000,2.566250
55.1100,2.566625
55.1200,2.567000
55.1300,2.567375
55.1400,2.567750
55.1500,2.568125
55.1600,2.568500
55.1700,2.568875
55.1800,2.569250
55.1900,2.569625
55.2000,2.570000
55.2100,2.570375
55.2200,2.570750
55.2300,2.571125
55.2400,2.571500
55.2500,2.571875
55.2600,2.572250
55.2700,2.572625
55.2800,2.573000
55.2900,2.573375
55.3000,2.573750
55.3100,2.574125
55.3200,2.574500
55.3300,2.574875
55.3400,2.575250
55.3500,2.575625
55.3600,2.576000
55.3700,2.576375
55.3800,2.576750
55.3900,2.577125
55.4000,2.577500
55.4100,2.577875
55.4200,2.578250
55.4300,2.578625
55.4400,2.579000
55.4500,2.579375
55.4600,2.579750
55.4700,2.580125
55.4800,2.580500
55.4900,2.580875
55.5000,2.581250
55.5100,2.581625
55.5200,2.582000
55.5300,2.582375
55.5400,2.582750
55.5500,2.583125
55.5600,2.583500
55.5700,2.583875
55.5800,2.584250
55.5900,2.584625
55.6000,2.585000
55.6100,2.585375
55.6200,2.585750
55.6300,2.586125
55.6400,2.586500
55.6500,2.586875
55.6600,2.587250
55.6700,2.587625
55.6800,2.588000
55.6900,2.588375
55.7000,2.588750
55.7100,2.589125
55.7200,2.589500
55.7300,2.589875
55.7400,2.590250
55.7500,2.590625
55.7600,2.591000
55.7700,2.591375
55.7800,2.591750
55.7900,2.592125
55.8000,2.592500
55.8100,2.592875
55.8200,2.593250
55.8300,2.593625
55.8400,2.594000
55.8500,2.594375
55.8600,2.594750
55.8700,2.595125
55.8800,2.595500
55.8900,2.595875
55.9000,2.596250
55.9100,2.596625
55.9200,2.597000
55.9300,2.597375
55.9400,2.597750
55.9500,2.598125
55.9600,2.598500
55.9700,2.598875
55.9800,2.599250
55.9900,2.599625
56.0000,2.600000
56.0100,2.600375
56.0200,2.600750
56.0300,2.601125
56.0400,2.601500
56.0500,2.601875
56.0600,2.602250
56.0700,2.602625
56.0800,2.603000
56.0900,2.603375
56.1000,2.603750
56.1100,2.604125
56.1200,2.604500
56.1300,2.604875
56.1400,2.605250
56.1500,2.605625
56.1600,2.606000
56.1700,2.606375
56.1800,2.606750
56.1900,2.607125
56.2000,2.607500
56.2100,2.607875
56.2200,2.608250
56.2300,2.608625
56.2400,2.609000
56.2500,2.609375
56.2600,2.609750
56.2700,2.610125
56.2800,2.610500
56.2900,2.610875
56.3000,2.611250
56.3100,2.611625
56.3200,2.612000
56.3300,2.612375
56.3400,2.612750
56.3500,2.613125
56.3600,2.613500
56.3700,2.613875
56.3800,2.614250
56.3900,2.614625
56.4000,2.615000
56.4100,2.615375
56.4200,2.615750
56.4300,2.616125
56.4400,2.616500
56.4500,2.616875
56.4600,2.617250
56.4700,2.617625
56.4800,2.618000
56.4900,2.618375
56.5000,2.618750
56.5100,2.619125
56.5200,2.619500
56.5300,2.619875
56.5400,2.620250
56.5500,2.620625
56.5600,2.621000
56.5700,2.621375
56.5800,2.621750
56.5900,2.622125
56.6000,2.622500
56.6100,2.622875
56.6200,2.623250
56.6300,2.623625
56.6400,2.624000
56.6500,2.624375
56.6600,2.624750
56.6700,2.625125
56.6800,2.625500
56.6900,2.625875
56.7000,2.626250
56.7100,2.626625
56.7200,2.627000
56.7300,2.627375
56.7400,2.627750
56.7500,2.628125
56.7600,2.628500
56.7700,2.628875
56.7800,2.629250
56.7900,2.629625
56.8000,2.630000
56.8100,2.630375
56.8200,2.630750
56.8300,2.631125
56.8400,2.631500
56.8500,2.631875
56.8600,2.632250
56.8700,2.632625
56.8800,2.633000
56.8900,2.633375
56.9000,2.633750
56.9100,2.634125
56.9200,2.634500
56.9300,2.634875
56.9400,2.635250
56.9500,2.635625
56.9600,2.636000
56.9700,2.636375
56.9800,2.636750
56.9900,2.637125
57.0000,2.637500
57.0100,2.637875
57.0200,2.638250
57.0300,2.638625
57.0400,2.639000
57.0500,2.639375
57.0600,2.639750
57.0700,2.640125
57.0800,2.640500
57.0900,2.640875
57.1000,2.641250
57.1100,2.641625
57.1200,2.642000
57.1300,2.642375
57.1400,2.642750
57.1500,2.643125
57.1600,2.643500
57.1700,2.643875
57.1800,2.644250
57.1900,2.644625
57.2000,2.645000
57.2100,2.645375
57.2200,2.645750
57.2300,2.646125
57.2400,2.646500
57.2500,2.646875
57.2600,2.647250
57.2700,2.647625
57.2800,2.648000
57.2900,2.648375
57.3000,2.648750
57.3100,2.649125
57.3200,2.649500
57.3300,2.649875
57.3400,2.650250
57.3500,2.650625
57.3600,2.651000
57.3700,2.651375
57.3800,2.651750
57.3900,2.652125
57.4000,2.652500
57.4100,2.652875
57.4200,2.653250
57.4300,2.653625
57.4400,2.654000
57.4500,2.654375
57.4600,2.654750
57.4700,2.655125
57.4800,2.655500
57.4900,2.655875
57.5000,2.656250
57.5100,2.656625
57.5200,2.657000
57.5300,2.657375
57.5400,2.657750
57.5500,2.658125
57.5600,2.658500
57.5700,2.658875
57.5800,2.659250
57.5900,2.659625
57.6000,2.660000
57.6100,2.660375
57.6200,2.660750
57.6300,2.661125
57.6400,2.661500
57.6500,2.661875
57.6600,2.662250
57.6700,2.662625
57.6800,2.663000
57.6900,2.663375
57.7000,2.663750
57.7100,2.664125
57.7200,2.664500
57.7300,2.664875
57.7400,2.665250
57.7500,2.665625
57.7600,2.666000
57.7700,2.666375
57.7800,2.666750
57.7900,2.667125
57.8000,2.667500
57.8100,2.667875
57.8200,2.668250
57.8300,2.668625
57.8400,2.669000
57.8500,2.669375
57.8600,2.669750
57.8700,2.670125
57.8800,2.670500
57.8900,2.670875
57.9000,2.671250
57.9100,2.671625
57.9200,2.672000
57.9300,2.672375
57.9400,2.672750
57.9500,2.673125
57.9600,2.673500
57.9700,2.673875
57.9800,2.674250
57.9900,2.674625
58.0000,2.675000
58.0100,2.675375
58.0200,2.675750
58.0300,2.676125
58.0400,2.676500
58.0500,2.676875
58.0600,2.677250
58.0700,2.677625
58.0800,2.678000
58.0900,2.678375
58.1000,2.678750
58.1100,2.679125
58.1200,2.679500
58.1300,2.679875
58.1400,2.680250
58.1500,2.680625
58.1600,2.681000
58.1700,2.681375
58.1800,2.681750
58.1900,2.682125
58.2000,2.682500
58.2100,2.682875
58.2200,2.683250
58.2300,2.683625
58.2400,2.684000
58.2500,2.684375
58.2600,2.684750
58.2700,2.685125
58.2800,2.685500
58.2900,2.685875
58.3000,2.686250
58.3100,2.686625
58.3200,2.687000
58.3300,2.687375
58.3400,2.687750
58.3500,2.688125
58.3600,2.688500
58.3700,2.688875
58.3800,2.689250
58.3900,2.689625
58.4000,2.690000
58.4100,2.690375
58.4200,2.690750
58.4300,2.691125
58.4400,2.691500
58.4500,2.691875
58.4600,2.692250
58.4700,2.692625
58.4800,2.693000
58.4900,2.693375
58.5000,2.693750
58.5100,2.694125
58.5200,2.694500
58.5300,2.694875
58.5400,2.695250
58.5500,2.695625
58.5600,2.696000
58.5700,2.696375
58.5800,2.696750
58.5900,2.697125
58.6000,2.697500
58.6100,2.697875
58.6200,2.698250
58.6300,2.698625
58.6400,2.699000
58.6500,2.699375
58.6600,2.699750
58.6700,2.700125
58.6800,2.700500
58.6900,2.700875
58.7000,2.701250
58.7100,2.701625
58.7200,2.702000
58.7300,2.702375
58.7400,2.702750
58.7500,2.703125
58.7600,2.703500
58.7700,2.703875
58.7800,2.704250
58.7900,2.704625
58.8000,2.705000
58.8100,2.705375
58.8200,2.705750
58.8300,2.706125
58.8400,2.706500
58.8500,2.706875
58.8600,2.707250
58.8700,2.707625
58.8800,2.708000
58.8900,2.708375
58.9000,2.708750
58.9100,2.709125
58.9200,2.709500
58.9300,2.709875
58.9400,2.710250
58.9500,2.710625
58.9600,2.711000
58.9700,2.711375
58.9800,2.711750
58.9900,2.712125
59.0000,2.712500
59.0100,2.712875
59.0200,2.713250
59.0300,2.713625
59.0400,2.714000
59.0500,2.714375
59.0600,2.714750
59.0700,2.715125
59.0800,2.715500
59.0900,2.715875
59.1000,2.716250
59.1100,2.716625
59.1200,2.717000
59.1300,2.717375
59.1400,2.717750
59.1500,2.718125
59.1600,2.718500
59.1700,2.718875
59.1800,2.719250
59.1900,2.719625
59.2000,2.720000
59.2100,2.720375
59.2200,2.720750
59.2300,2.721125
59.2400,2.721500
59.2500,2.721875
59.2600,2.722250
59.2700,2.722625
59.2800,2.723000
59.2900,2.723375
59.3000,2.723750
59.3100,2.724125
59.3200,2.724500
59.3300,2.724875
59.3400,2.725250
59.3500,2.725625
59.3600,2.726000
59.3700,2.726375
59.3800,2.726750
59.3900,2.727125
59.4000,2.727500
59.4100,2.727875
59.4200,2.728250
59.4300,2.728625
59.4400,2.729000
59.4500,2.729375
59.4600,2.729750
59.4700,2.730125
59.4800,2.730500
59.4900,2.730875
59.5000,2.731250
59.5100,2.731625
59.5200,2.732000
59.5300,2.732375
59.5400,2.732750
59.5500,2.733125
59.5600,2.733500
59.5700,2.733875
59.5800,2.734250
59.5900,2.734625
59.6000,2.735000
59.6100,2.735375
59.6200,2.735750
59.6300,2.736125
59.6400,2.736500
59.6500,2.736875
59.6600,2.737250
59.6700,2.737625
59.6800,2.738000
59.6900,2.738375
59.7000,2.738750
59.7100,2.739125
59.7200,2.739500
59.7300,2.739875
59.7400,2.740250
59.7500,2.740625
59.7600,2.741000
59.7700,2.741375
59.7800,2.741750
59.7900,2.742125
59.8000,2.742500
59.8100,2.742875
59.8200,2.743250
59.8300,2.743625
59.8400,2.744000
59.8500,2.744375
59.8600,2.744750
59.8700,2.745125
59.8800,2.745500
59.8900,2.745875
59.9000,2.746250
59.9100,2.746625
59.9200,2.747000
59.9300,2.747375
59.9400,2.747750
59.9500,2.748125
59.9600,2.748500
59.9700,2.748875
59.9800,2.749250
59.9900,2.749625
60.0000,2.750000
60.0100,2.750375
60.0200,2.750750
60.0300,2.751125
60.0400,2.751500
60.0500,2.751875
60.0600,2.752250
60.0700,2.752625
60.0800,2.753000
60.0900,2.753375
60.1000,2.753750
60.1100,2.754125
60.1200,2.754500
60.1300,2.754875
60.1400,2.755250
60.1500,2.755625
60.1600,2.756000
60.1700,2.756375
60.1800,2.756750
60.1900,2.757125
60.2000,2.757500
60.2100,2.757875
60.2200,2.758250
60.2300,2.758625
60.2400,2.759000
60.2500,2.759375
60.2600,2.759750
60.2700,2.760125
60.2800,2.760500
60.2900,2.760875
60.3000,2.761250
60.3100,2.761625
60.3200,2.762000
60.3300,2.762375
60.3400,2.762750
60.3500,2.763125
60.3600,2.763500
60.3700,2.763875
60.3800,2.764250
60.3900,2.764625
60.4000,2.765000
60.4100,2.765375
60.4200,2.765750
60.4300,2.766125
60.4400,2.766500
60.4500,2.766875
60.4600,2.767250
60.4700,2.767625
60.4800,2.768000
60.4900,2.768375
60.5000,2.768750
60.5100,2.769125
60.5200,2.769500
60.5300,2.769875
60.5400,2.770250
60.5500,2.770625
60.5600,2.771000
60.5700,2.771375
60.5800,2.771750
60.5900,2.772125
60.6000,2.772500
60.6100,2.772875
60.6200,2.773250
60.6300,2.773625
60.6400,2.774000
60.6500,2.774375
60.6600,2.774750
60.6700,2.775125
60.6800,2.775500
60.6900,2.775875
60.7000,2.776250
60.7100,2.776625
60.7200,2.777000
60.7300,2.777375
60.7400,2.777750
60.7500,2.778125
60.7600,2.778500
60.7700,2.778875
60.7800,2.779250
60.7900,2.779625
60.8000,2.780000
60.8100,2.780375
60.8200,2.780750
60.8300,2.781125
60.8400,2.781500
60.8500,2.781875
60.8600,2.782250
60.8700,2.782625
60.8800,2.783000
60.8900,2.783375
60.9000,2.783750
60.9100,2.784125
60.9200,2.784500
60.9300,2.784875
60.9400,2.785250
60.9500,2.785625
60.9600,2.786000
60.9700,2.786375
60.9800,2.786750
60.9900,2.787125
61.0000,2.787500
61.0100,2.787875
61.0200,2.788250
61.0300,2.788625
61.0400,2.789000
61.0500,2.789375
61.0600,2.789750
61.0700,2.790125
61.0800,2.790500
61.0900,2.790875
61.1000,2.791250
61.1100,2.791625
61.1200,2.792000
61.1300,2.792375
61.1400,2.792750
61.1500,2.793125
61.1600,2.793500
61.1700,2.793875
61.1800,2.794250
61.1900,2.794625
61.2000,2.795000
61.2100,2.795375
61.2200,2.795750
61.2300,2.796125
61.2400,2.796500
61.2500,2.796875
61.2600,2.797250
61.2700,2.797625
61.2800,2.798000
61.2900,2.798375
61.3000,2.798750
61.3100,2.799125
61.3200,2.799500
61.3300,2.799875
61.3400,2.800250
61.3500,2.800625
61.3600,2.801000
61.3700,2.801375
61.3800,2.801750
61.3900,2.802125
61.4000,2.802500
61.4100,2.802875
61.4200,2.803250
61.4300,2.803625
61.4400,2.804000
61.4500,2.804375
61.4600,2.804750
61.4700,2.805125
61.4800,2.805500
61.4900,2.805875
61.5000,2.806250
61.5100,2.806625
61.5200,2.807000
61.5300,2.807375
61.5400,2.807750
61.5500,2.808125
61.5600,2.808500
61.5700,2.808875
61.5800,2.809250
61.5900,2.809625
61.6000,2.810000
61.6100,2.810375
61.6200,2.810750
61.6300,2.811125
61.6400,2.811500
61.6500,2.811875
61.6600,2.812250
61.6700,2.812625
61.6800,2.813000
61.6900,2.813375
61.7000,2.813750
61.7100,2.814125
61.7200,2.814500
61.7300,2.814875
61.7400,2.815250
61.7500,2.815625
61.7600,2.816000
61.7700,2.816375
61.7800,2.816750
61.7900,2.817125
61.8000,2.817500
61.8100,2.817875
61.8200,2.818250
61.8300,2.818625
61.8400,2.819000
61.8500,2.819375
61.8600,2.819750
61.8700,2.820125
61.8800,2.820500
61.8900,2.820875
61.9000,2.821250
61.9100,2.821625
61.9200,2.822000
61.9300,2.822375
61.9400,2.822750
61.9500,2.823125
61.9600,2.823500
61.9700,2.823875
61.9800,2.824250
61.9900,2.824625
62.0000,2.825000
62.0100,2.825375
62.0200,2.825750
62.0300,2.826125
62.0400,2.826500
62.0500,2.826875
62.0600,2.827250
62.0700,2.827625
62.0800,2.828000
62.0900,2.828375
62.1000,2.828750
62.1100,2.829125
62.1200,2.829500
62.1300,2.829875
62.1400,2.830250
62.1500,2.830625
62.1600,2.831000
62.1700,2.831375
62.1800,2.831750
62.1900,2.832125
62.2000,2.832500
62.2100,2.832875
62.2200,2.833250
62.2300,2.833625
62.2400,2.834000
62.2500,2.834375
62.2600,2.834750
62.2700,2.835125
62.2800,2.835500
62.2900,2.835875
62.3000,2.836250
62.3100,2.836625
62.3200,2.837000
62.3300,2.837375
62.3400,2.837750
62.3500,2.838125
62.3600,2.838500
62.3700,2.838875
62.3800,2.839250
62.3900,2.839625
62.4000,2.840000
62.4100,2.840375
62.4200,2.840750
62.4300,2.841125
62.4400,2.841500
62.4500,2.841875
62.4600,2.842250
62.4700,2.842625
62.4800,2.843000
62.4900,2.843375
62.5000,2.843750
62.5100,2.844125
62.5200,2.844500
62.5300,2.844875
62.5400,2.845250
62.5500,2.845625
62.5600,2.846000
62.5700,2.846375
62.5800,2.846750
62.5900,2.847125
62.6000,2.847500
62.6100,2.847875
62.6200,2.848250
62.6300,2.848625
62.6400,2.849000
62.6500,2.849375
62.6600,2.849750
62.6700,2.850125
62.6800,2.850500
62.6900,2.850875
62.7000,2.851250
62.7100,2.851625
62.7200,2.852000
62.7300,2.852375
62.7400,2.852750
62.7500,2.853125
62.7600,2.853500
62.7700,2.853875
62.7800,2.854250
62.7900,2.854625
62.8000,2.855000
62.8100,2.855375
62.8200,2.855750
62.8300,2.856125
62.8400,2.856500
62.8500,2.856875
62.8600,2.857250
62.8700,2.857625
62.8800,2.858000
62.8900,2.858375
62.9000,2.858750
62.9100,2.859125
62.9200,2.859500
62.9300,2.859875
62.9400,2.860250
62.9500,2.860625
62.9600,2.861000
62.9700,2.861375
62.9800,2.861750
62.9900,2.862125
63.0000,2.862500
63.0100,2.862875
63.0200,2.863250
63.0300,2.863625
63.0400,2.864000
63.0500,2.864375
63.0600,2.864750
63.0700,2.865125
63.0800,2.865500
63.0900,2.865875
63.1000,2.866250
63.1100,2.866625
63.1200,2.867000
63.1300,2.867375
63.1400,2.867750
63.1500,2.868125
63.1600,2.868500
63.1700,2.868875
63.1800,2.869250
63.1900,2.869625
63.2000,2.870000
63.2100,2.870375
63.2200,2.870750
63.2300,2.871125
63.2400,2.871500
63.2500,2.871875
63.2600,2.872250
63.2700,2.872625
63.2800,2.873000
63.2900,2.873375
63.3000,2.873750
63.3100,2.874125
63.3200,2.874500
63.3300,2.874875
63.3400,2.875250
63.3500,2.875625
63.3600,2.876000
63.3700,2.876375
63.3800,2.876750
63.3900,2.877125
63.4000,2.877500
63.4100,2.877875
63.4200,2.878250
63.4300,2.878625
63.4400,2.879000
63.4500,2.879375
63.4600,2.879750
63.4700,2.880125
63.4800,2.880500
63.4900,2.880875
63.5000,2.881250
63.5100,2.881625
63.5200,2.882000
63.5300,2.882375
63.5400,2.882750
63.5500,2.883125
63.5600,2.883500
63.5700,2.883875
63.5800,2.884250
63.5900,2.884625
63.6000,2.885000
63.6100,2.885375
63.6200,2.885750
63.6300,2.886125
63.6400,2.886500
63.6500,2.886875
63.6600,2.887250
63.6700,2.887625
63.6800,2.888000
63.6900,2.888375
63.7000,2.888750
63.7100,2.889125
63.7200,2.889500
63.7300,2.889875
63.7400,2.890250
63.7500,2.890625
63.7600,2.891000
63.7700,2.891375
63.7800,2.891750
63.7900,2.892125
63.8000,2.892500
63.8100,2.892875
63.8200,2.893250
63.8300,2.893625
63.8400,2.894000
63.8500,2.894375
63.8600,2.894750
63.8700,2.895125
63.8800,2.895500
63.8900,2.895875
63.9000,2.896250
63.9100,2.896625
63.9200,2.897000
63.9300,2.897375
63.9400,2.897750
63.9500,2.898125
63.9600,2.898500
63.9700,2.898875
63.9800,2.899250
63.9900,2.899625
64.0000,2.900000
64.0100,2.900375
64.0200,2.900750
64.0300,2.901125
64.0400,2.901500
64.0500,2.901875
64.0600,2.902250
64.0700,2.902625
64.0800,2.903000
64.0900,2.903375
64.1000,2.903750
64.1100,2.904125
64.1200,2.904500
64.1300,2.904875
64.1400,2.905250
64.1500,2.905625
64.1600,2.906000
64.1700,2.906375
64.1800,2.906750
64.1900,2.907125
64.2000,2.907500
64.2100,2.907875
64.2200,2.908250
64.2300,2.908625
64.2400,2.909000
64.2500,2.909375
64.2600,2.909750
64.2700,2.910125
64.2800,2.910500
64.2900,2.910875
64.3000,2.911250
64.3100,2.911625
64.3200,2.912000
64.3300,2.912375
64.3400,2.912750
64.3500,2.913125
64.3600,2.913500
64.3700,2.913875
64.3800,2.914250
64.3900,2.914625
64.4000,2.915000
64.4100,2.915375
64.4200,2.915750
64.4300,2.916125
64.4400,2.916500
64.4500,2.916875
64.4600,2.917250
64.4700,2.917625
64.4800,2.918000
64.4900,2.918375
64.5000,2.918750
64.5100,2.919125
64.5200,2.919500
64.5300,2.919875
64.5400,2.920250
64.5500,2.920625
64.5600,2.921000
64.5700,2.921375
64.5800,2.921750
64.5900,2.922125
64.6000,2.922500
64.6100,2.922875
64.6200,2.923250
64.6300,2.923625
64.6400,2.924000
64.6500,2.924375
64.6600,2.924750
64.6700,2.925125
64.6800,2.925500
64.6900,2.925875
64.7000,2.926250
64.7100,2.926625
64.7200,2.927000
64.7300,2.927375
64.7400,2.927750
64.7500,2.928125
64.7600,2.928500
64.7700,2.928875
64.7800,2.929250
64.7900,2.929625
64.8000,2.930000
64.8100,2.930375
64.8200,2.930750
64.8300,2.931125
64.8400,2.931500
64.8500,2.931875
64.8600,2.932250
64.8700,2.932625
64.8800,2.933000
64.8900,2.933375
64.9000,2.933750
64.9100,2.934125
64.9200,2.934500
64.9300,2.934875
64.9400,2.935250
64.9500,2.935625
64.9600,2.936000
64.9700,2.936375
64.9800,2.936750
64.9900,2.937125
65.0000,2.937500
65.0100,2.937875
65.0200,2.938250
65.0300,2.938625
65.0400,2.939000
65.0500,2.939375
65.0600,2.939750
65.0700,2.940125
65.0800,2.940500
65.0900,2.940875
65.1000,2.941250
65.1100,2.941625
65.1200,2.942000
65.1300,2.942375
65.1400,2.942750
65.1500,2.943125
65.1600,2.943500
65.1700,2.943875
65.1800,2.944250
65.1900,2.944625
65.2000,2.945000
65.2100,2.945375
65.2200,2.945750
65.2300,2.946125
65.2400,2.946500
65.2500,2.946875
65.2600,2.947250
65.2700,2.947625
65.2800,2.948000
65.2900,2.948375
65.3000,2.948750
65.3100,2.949125
65.3200,2.949500
65.3300,2.949875
65.3400,2.950250
65.3500,2.950625
65.3600,2.951000
65.3700,2.951375
65.3800,2.951750
65.3900,2.952125
65.4000,2.952500
65.4100,2.952875
65.4200,2.953250
65.4300,2.953625
65.4400,2.954000
65.4500,2.954375
65.4600,2.954750
65.4700,2.955125
65.4800,2.955500
65.4900,2.955875
65.5000,2.956250
65.5100,2.956625
65.5200,2.957000
65.5300,2.957375
65.5400,2.957750
65.5500,2.958125
65.5600,2.958500
65.5700,2.958875
65.5800,2.959250
65.5900,2.959625
65.6000,2.960000
65.6100,2.960375
65.6200,2.960750
65.6300,2.961125
65.6400,2.961500
65.6500,2.961875
65.6600,2.962250
65.6700,2.962625
65.6800,2.963000
65.6900,2.963375
65.7000,2.963750
65.7100,2.964125
65.7200,2.964500
65.7300,2.964875
65.7400,2.965250
65.7500,2.965625
65.7600,2.966000
65.7700,2.966375
65.7800,2.966750
65.7900,2.967125
65.8000,2.967500
65.8100,2.967875
65.8200,2.968250
65.8300,2.968625
65.8400,2.969000
65.8500,2.969375
65.8600,2.969750
65.8700,2.970125
65.8800,2.970500
65.8900,2.970875
65.9000,2.971250
65.9100,2.971625
65.9200,2.972000
65.9300,2.972375
65.9400,2.972750
65.9500,2.973125
65.9600,2.973500
65.9700,2.973875
65.9800,2.974250
65.9900,2.974625
66.0000,2.975000
66.0100,2.975375
66.0200,2.975750
66.0300,2.976125
66.0400,2.976500
66.0500,2.976875
66.0600,2.977250
66.0700,2.977625
66.0800,2.978000
66.0900,2.978375
66.1000,2.978750
66.1100,2.979125
66.1200,2.979500
66.1300,2.979875
66.1400,2.980250
66.1500,2.980625
66.1600,2.981000
66.1700,2.981375
66.1800,2.981750
66.1900,2.982125
66.2000,2.982500
66.2100,2.982875
66.2200,2.983250
66.2300,2.983625
66.2400,2.984000
66.2500,2.984375
66.2600,2.984750
66.2700,2.985125
66.2800,2.985500
66.2900,2.985875
66.3000,2.986250
66.3100,2.986625
66.3200,2.987000
66.3300,2.987375
66.3400,2.987750
66.3500,2.988125
66.3600,2.988500
66.3700,2.988875
66.3800,2.989250
66.3900,2.989625
66.4000,2.990000
66.4100,2.990375
66.4200,2.990750
66.4300,2.991125
66.4400,2.991500
66.4500,2.991875
66.4600,2.992250
66.4700,2.992625
66.4800,2.993000
66.4900,2.993375
66.5000,2.993750
66.5100,2.994125
66.5200,2.994500
66.5300,2.994875
66.5400,2.995250
66.5500,2.995625
66.5600,2.996000
66.5700,2.996375
66.5800,2.996750
66.5900,2.997125
66.6000,2.997500
66.6100,2.997875
66.6200,2.998250
66.6300,2.998625
66.6400,2.999000
66.6500,2.999375
66.6600,2.999750
66.6700,3.000125
66.6800,3.000500
66.6900,3.000875
66.7000,3.001250
66.7100,3.001625
66.7200,3.002000
66.7300,3.002375
66.7400,3.002750
66.7500,3.003125
66.7600,3.003500
66.7700,3.003875
66.7800,3.004250
66.7900,3.004625
66.8000,3.005000
66.8100,3.005375
66.8200,3.005750
66.8300,3.006125
66.8400,3.006500
66.8500,3.006875
66.8600,3.007250
66.8700,3.007625
66.8800,3.008000
66.8900,3.008375
66.9000,3.008750
66.9100,3.009125
66.9200,3.009500
66.9300,3.009875
66.9400,3.010250
66.9500,3.010625
66.9600,3.011000
66.9700,3.011375
66.9800,3.011750
66.9900,3.012125
67.0000,3.012500
67.0100,3.012875
67.0200,3.013250
67.0300,3.013625
67.0400,3.014000
67.0500,3.014375
67.0600,3.014750
67.0700,3.015125
67.0800,3.015500
67.0900,3.015875
67.1000,3.016250
67.1100,3.016625
67.1200,3.017000
67.1300,3.017375
67.1400,3.017750
67.1500,3.018125
67.1600,3.018500
67.1700,3.018875
67.1800,3.019250
67.1900,3.019625
67.2000,3.020000
67.2100,3.020375
67.2200,3.020750
67.2300,3.021125
67.2400,3.021500
67.2500,3.021875
67.2600,3.022250
67.2700,3.022625
67.2800,3.023000
67.2900,3.023375
67.3000,3.023750
67.3100,3.024125
67.3200,3.024500
67.3300,3.024875
67.3400,3.025250
67.3500,3.025625
67.3600,3.026000
67.3700,3.026375
67.3800,3.026750
67.3900,3.027125
67.4000,3.027500
67.4100,3.027875
67.4200,3.028250
67.4300,3.028625
67.4400,3.029000
67.4500,3.029375
67.4600,3.029750
67.4700,3.030125
67.4800,3.030500
67.4900,3.030875
67.5000,3.031250
67.5100,3.031625
67.5200,3.032000
67.5300,3.032375
67.5400,3.032750
67.5500,3.033125
67.5600,3.033500
67.5700,3.033875
67.5800,3.034250
67.5900,3.034625
67.6000,3.035000
67.6100,3.035375
67.6200,3.035750
67.6300,3.036125
67.6400,3.036500
67.6500,3.036875
67.6600,3.037250
67.6700,3.037625
67.6800,3.038000
67.6900,3.038375
67.7000,3.038750
67.7100,3.039125
67.7200,3.039500
67.7300,3.039875
67.7400,3.040250
67.7500,3.040625
67.7600,3.041000
67.7700,3.041375
67.7800,3.041750
67.7900,3.042125
67.8000,3.042500
67.8100,3.042875
67.8200,3.043250
67.8300,3.043625
67.8400,3.044000
67.8500,3.044375
67.8600,3.044750
67.8700,3.045125
67.8800,3.045500
67.8900,3.045875
67.9000,3.046250
67.9100,3.046625
67.9200,3.047000
67.9300,3.047375
67.9400,3.047750
67.9500,3.048125
67.9600,3.048500
67.9700,3.048875
67.9800,3.049250
67.9900,3.049625
68.0000,3.050000
68.0100,3.050375
68.0200,3.050750
68.0300,3.051125
68.0400,3.051500
68.0500,3.051875
68.0600,3.052250
68.0700,3.052625
68.0800,3.053000
68.0900,3.053375
68.1000,3.053750
68.1100,3.054125
68.1200,3.054500
68.1300,3.054875
68.1400,3.055250
68.1500,3.055625
68.1600,3.056000
68.1700,3.056375
68.1800,3.056750
68.1900,3.057125
68.2000,3.057500
68.2100,3.057875
68.2200,3.058250
68.2300,3.058625
68.2400,3.059000
68.2500,3.059375
68.2600,3.059750
68.2700,3.060125
68.2800,3.060500
68.2900,3.060875
68.3000,3.061250
68.3100,3.061625
68.3200,3.062000
68.3300,3.062375
68.3400,3.062750
68.3500,3.063125
68.3600,3.063500
68.3700,3.063875
68.3800,3.064250
68.3900,3.064625
68.4000,3.065000
68.4100,3.065375
68.4200,3.065750
68.4300,3.066125
68.4400,3.066500
68.4500,3.066875
68.4600,3.067250
68.4700,3.067625
68.4800,3.068000
68.4900,3.068375
68.5000,3.068750
68.5100,3.069125
68.5200,3.069500
68.5300,3.069875
68.5400,3.070250
68.5500,3.070625
68.5600,3.071000
68.5700,3.071375
68.5800,3.071750
68.5900,3.072125
68.6000,3.072500
68.6100,3.072875
68.6200,3.073250
68.6300,3.073625
68.6400,3.074000
68.6500,3.074375
68.6600,3.074750
68.6700,3.075125
68.6800,3.075500
68.6900,3.075875
68.7000,3.076250
68.7100,3.076625
68.7200,3.077000
68.7300,3.077375
68.7400,3.077750
68.7500,3.078125
68.7600,3.078500
68.7700,3.078875
68.7800,3.079250
68.7900,3.079625
68.8000,3.080000
68.8100,3.080375
68.8200,3.080750
68.8300,3.081125
68.8400,3.081500
68.8500,3.081875
68.8600,3.082250
68.8700,3.082625
68.8800,3.083000
68.8900,3.083375
68.9000,3.083750
68.9100,3.084125
68.9200,3.084500
68.9300,3.084875
68.9400,3.085250
68.9500,3.085625
68.9600,3.086000
68.9700,3.086375
68.9800,3.086750
68.9900,3.087125
69.0000,3.087500
69.0100,3.087875
69.0200,3.088250
69.0300,3.088625
69.0400,3.089000
69.0500,3.089375
69.0600,3.089750
69.0700,3.090125
69.0800,3.090500
69.0900,3.090875
69.1000,3.091250
69.1100,3.091625
69.1200,3.092000
69.1300,3.092375
69.1400,3.092750
69.1500,3.093125
69.1600,3.093500
69.1700,3.093875
69.1800,3.094250
69.1900,3.094625
69.2000,3.095000
69.2100,3.095375
69.2200,3.095750
69.2300,3.096125
69.2400,3.096500
69.2500,3.096875
69.2600,3.097250
69.2700,3.097625
69.2800,3.098000
69.2900,3.098375
69.3000,3.098750
69.3100,3.099125
69.3200,3.099500
69.3300,3.099875
69.3400,3.100250
69.3500,3.100625
69.3600,3.101000
69.3700,3.101375
69.3800,3.101750
69.3900,3.102125
69.4000,3.102500
69.4100,3.102875
69.4200,3.103250
69.4300,3.103625
69.4400,3.104000
69.4500,3.104375
69.4600,3.104750
69.4700,3.105125
69.4800,3.105500
69.4900,3.105875
69.5000,3.106250
69.5100,3.106625
69.5200,3.107000
69.5300,3.107375
69.5400,3.107750
69.5500,3.108125
69.5600,3.108500
69.5700,3.108875
69.5800,3.109250
69.5900,3.109625
69.6000,3.110000
69.6100,3.110375
69.6200,3.110750
69.6300,3.111125
69.6400,3.111500
69.6500,3.111875
69.6600,3.112250
69.6700,3.112625
69.6800,3.113000
69.6900,3.113375
69.7000,3.113750
69.7100,3.114125
69.7200,3.114500
69.7300,3.114875
69.7400,3.115250
69.7500,3.115625
69.7600,3.116000
69.7700,3.116375
69.7800,3.116750
69.7900,3.117125
69.8000,3.117500
69.8100,3.117875
69.8200,3.118250
69.8300,3.118625
69.8400,3.119000
69.8500,3.119375
69.8600,3.119750
69.8700,3.120125
69.8800,3.120500
69.8900,3.120875
69.9000,3.121250
69.9100,3.121625
69.9200,3.122000
69.9300,3.122375
69.9400,3.122750
69.9500,3.123125
69.9600,3.123500
69.9700,3.123875
69.9800,3.124250
69.9900,3.124625
70.0000,3.125000
70.0100,3.125375
70.0200,3.125750
70.0300,3.126125
70.0400,3.126500
70.0500,3.126875
70.0600,3.127250
70.0700,3.127625
70.0800,3.128000
70.0900,3.128375
70.1000,3.128750
70.1100,3.129125
70.1200,3.129500
70.1300,3.129875
70.1400,3.130250
70.1500,3.130625
70.1600,3.131000
70.1700,3.131375
70.1800,3.131750
70.1900,3.132125
70.2000,3.132500
70.2100,3.132875
70.2200,3.133250
70.2300,3.133625
70.2400,3.134000
70.2500,3.134375
70.2600,3.134750
70.2700,3.135125
70.2800,3.135500
70.2900,3.135875
70.3000,3.136250
70.3100,3.136625
70.3200,3.137000
70.3300,3.137375
70.3400,3.137750
70.3500,3.138125
70.3600,3.138500
70.3700,3.138875
70.3800,3.139250
70.3900,3.139625
70.4000,3.140000
70.4100,3.140375
70.4200,3.140750
70.4300,3.141125
70.4400,3.141500
70.4500,3.141875
70.4600,3.142250
70.4700,3.142625
70.4800,3.143000
70.4900,3.143375
70.5000,3.143750
70.5100,3.144125
70.5200,3.144500
70.5300,3.144875
70.5400,3.145250
70.5500,3.145625
70.5600,3.146000
70.5700,3.146375
70.5800,3.146750
70.5900,3.147125
70.6000,3.147500
70.6100,3.147875
70.6200,3.148250
70.6300,3.148625
70.6400,3.149000
70.6500,3.149375
70.6600,3.149750
70.6700,3.150125
70.6800,3.150500
70.6900,3.150875
70.7000,3.151250
70.7100,3.151625
70.7200,3.152000
70.7300,3.152375
70.7400,3.152750
70.7500,3.153125
70.7600,3.153500
70.7700,3.153875
70.7800,3.154250
70.7900,3.154625
70.8000,3.155000
70.8100,3.155375
70.8200,3.155750
70.8300,3.156125
70.8400,3.156500
70.8500,3.156875
70.8600,3.157250
70.8700,3.157625
70.8800,3.158000
70.8900,3.158375
70.9000,3.158750
70.9100,3.159125
70.9200,3.159500
70.9300,3.159875
70.9400,3.160250
70.9500,3.160625
70.9600,3.161000
70.9700,3.161375
70.9800,3.161750
70.9900,3.162125
71.0000,3.162500
71.0100,3.162875
71.0200,3.163250
71.0300,3.163625
71.0400,3.164000
71.0500,3.164375
71.0600,3.164750
71.0700,3.165125
71.0800,3.165500
71.0900,3.165875
71.1000,3.166250
71.1100,3.166625
71.1200,3.167000
71.1300,3.167375
71.1400,3.167750
71.1500,3.168125
71.1600,3.168500
71.1700,3.168875
71.1800,3.169250
71.1900,3.169625
71.2000,3.170000
71.2100,3.170375
71.2200,3.170750
71.2300,3.171125
71.2400,3.171500
71.2500,3.171875
71.2600,3.172250
71.2700,3.172625
71.2800,3.173000
71.2900,3.173375
71.3000,3.173750
71.3100,3.174125
71.3200,3.174500
71.3300,3.174875
71.3400,3.175250
71.3500,3.175625
71.3600,3.176000
71.3700,3.176375
71.3800,3.176750
71.3900,3.177125
71.4000,3.177500
71.4100,3.177875
71.4200,3.178250
71.4300,3.178625
71.4400,3.179000
71.4500,3.179375
71.4600,3.179750
71.4700,3.180125
71.4800,3.180500
71.4900,3.180875
71.5000,3.181250
71.5100,3.181625
71.5200,3.182000
71.5300,3.182375
71.5400,3.182750
71.5500,3.183125
71.5600,3.183500
71.5700,3.183875
71.5800,3.184250
71.5900,3.184625
71.6000,3.185000
71.6100,3.185375
71.6200,3.185750
71.6300,3.186125
71.6400,3.186500
71.6500,3.186875
71.6600,3.187250
71.6700,3.187625
71.6800,3.188000
71.6900,3.188375
71.7000,3.188750
71.7100,3.189125
71.7200,3.189500
71.7300,3.189875
71.7400,3.190250
71.7500,3.190625
71.7600,3.191000
71.7700,3.191375
71.7800,3.191750
71.7900,3.192125
71.8000,3.192500
71.8100,3.192875
71.8200,3.193250
71.8300,3.193625
71.8400,3.194000
71.8500,3.194375
71.8600,3.194750
71.8700,3.195125
71.8800,3.195500
71.8900,3.195875
71.9000,3.196250
71.9100,3.196625
71.9200,3.197000
71.9300,3.197375
71.9400,3.197750
71.9500,3.198125
71.9600,3.198500
71.9700,3.198875
71.9800,3.199250
71.9900,3.199625
72.0000,3.200000
72.0100,3.200375
72.0200,3.200750
72.0300,3.201125
72.0400,3.201500
72.0500,3.201875
72.0600,3.202250
72.0700,3.202625
72.0800,3.203000
72.0900,3.203375
72.1000,3.203750
72.1100,3.204125
72.1200,3.204500
72.1300,3.204875
72.1400,3.205250
72.1500,3.205625
72.1600,3.206000
72.1700,3.206375
72.1800,3.206750
72.1900,3.207125
72.2000,3.207500
72.2100,3.207875
72.2200,3.208250
72.2300,3.208625
72.2400,3.209000
72.2500,3.209375
72.2600,3.209750
72.2700,3.210125
72.2800,3.210500
72.2900,3.210875
72.3000,3.211250
72.3100,3.211625
72.3200,3.212000
72.3300,3.212375
72.3400,3.212750
72.3500,3.213125
72.3600,3.213500
72.3700,3.213875
72.3800,3.214250
72.3900,3.214625
72.4000,3.215000
72.4100,3.215375
72.4200,3.215750
72.4300,3.216125
72.4400,3.216500
72.4500,3.216875
72.4600,3.217250
72.4700,3.217625
72.4800,3.218000
72.4900,3.218375
72.5000,3.218750
72.5100,3.219125
72.5200,3.219500
72.5300,3.219875
72.5400,3.220250
72.5500,3.220625
72.5600,3.221000
72.5700,3.221375
72.5800,3.221750
72.5900,3.222125
72.6000,3.222500
72.6100,3.222875
72.6200,3.223250
72.6300,3.223625
72.6400,3.224000
72.6500,3.224375
72.6600,3.224750
72.6700,3.225125
72.6800,3.225500
72.6900,3.225875
72.7000,3.226250
72.7100,3.226625
72.7200,3.227000
72.7300,3.227375
72.7400,3.227750
72.7500,3.228125
72.7600,3.228500
72.7700,3.228875
72.7800,3.229250
72.7900,3.229625
72.8000,3.230000
72.8100,3.230375
72.8200,3.230750
72.8300,3.231125
72.8400,3.231500
72.8500,3.231875
72.8600,3.232250
72.8700,3.232625
72.8800,3.233000
72.8900,3.233375
72.9000,3.233750
72.9100,3.234125
72.9200,3.234500
72.9300,3.234875
72.9400,3.235250
72.9500,3.235625
72.9600,3.236000
72.9700,3.236375
72.9800,3.236750
72.9900,3.237125
73.0000,3.237500
73.0100,3.237875
73.0200,3.238250
73.0300,3.238625
73.0400,3.239000
73.0500,3.239375
73.0600,3.239750
73.0700,3.240125
73.0800,3.240500
73.0900,3.240875
73.1000,3.241250
73.1100,3.241625
73.1200,3.242000
73.1300,3.242375
73.1400,3.242750
73.1500,3.243125
73.1600,3.243500
73.1700,3.243875
73.1800,3.244250
73.1900,3.244625
73.2000,3.245000
73.2100,3.245375
73.2200,3.245750
73.2300,3.246125
73.2400,3.246500
73.2500,3.246875
73.2600,3.247250
73.2700,3.247625
73.2800,3.248000
73.2900,3.248375
73.3000,3.248750
73.3100,3.249125
73.3200,3.249500
73.3300,3.249875
73.3400,3.250250
73.3500,3.250625
73.3600,3.251000
73.3700,3.251375
73.3800,3.251750
73.3900,3.252125
73.4000,3.252500
73.4100,3.252875
73.4200,3.253250
73.4300,3.253625
73.4400,3.254000
73.4500,3.254375
73.4600,3.254750
73.4700,3.255125
73.4800,3.255500
73.4900,3.255875
73.5000,3.256250
73.5100,3.256625
73.5200,3.257000
73.5300,3.257375
73.5400,3.257750
73.5500,3.258125
73.5600,3.258500
73.5700,3.258875
73.5800,3.259250
73.5900,3.259625
73.6000,3.260000
73.6100,3.260375
73.6200,3.260750
73.6300,3.261125
73.6400,3.261500
73.6500,3.261875
73.6600,3.262250
73.6700,3.262625
73.6800,3.263000
73.6900,3.263375
73.7000,3.263750
73.7100,3.264125
73.7200,3.264500
73.7300,3.264875
73.7400,3.265250
73.7500,3.265625
73.7600,3.266000
73.7700,3.266375
73.7800,3.266750
73.7900,3.267125
73.8000,3.267500
73.8100,3.267875
73.8200,3.268250
73.8300,3.268625
73.8400,3.269000
73.8500,3.269375
73.8600,3.269750
73.8700,3.270125
73.8800,3.270500
73.8900,3.270875
73.9000,3.271250
73.9100,3.271625
73.9200,3.272000
73.9300,3.272375
73.9400,3.272750
73.9500,3.273125
73.9600,3.273500
73.9700,3.273875
73.9800,3.274250
73.9900,3.274625
74.0000,3.275000
74.0100,3.275375
74.0200,3.275750
74.0300,3.276125
74.0400,3.276500
74.0500,3.276875
74.0600,3.277250
74.0700,3.277625
74.0800,3.278000
74.0900,3.278375
74.1000,3.278750
74.1100,3.279125
74.1200,3.279500
74.1300,3.279875
74.1400,3.280250
74.1500,3.280625
74.1600,3.281000
74.1700,3.281375
74.1800,3.281750
74.1900,3.282125
74.2000,3.282500
74.2100,3.282875
74.2200,3.283250
74.2300,3.283625
74.2400,3.284000
74.2500,3.284375
74.2600,3.284750
74.2700,3.285125
74.2800,3.285500
74.2900,3.285875
74.3000,3.286250
74.3100,3.286625
74.3200,3.287000
74.3300,3.287375
74.3400,3.287750
74.3500,3.288125
74.3600,3.288500
74.3700,3.288875
74.3800,3.289250
74.3900,3.289625
74.4000,3.290000
74.4100,3.290375
74.4200,3.290750
74.4300,3.291125
74.4400,3.291500
74.4500,3.291875
74.4600,3.292250
74.4700,3.292625
74.4800,3.293000
74.4900,3.293375
74.5000,3.293750
74.5100,3.294125
74.5200,3.294500
74.5300,3.294875
74.5400,3.295250
74.5500,3.295625
74.5600,3.296000
74.5700,3.296375
74.5800,3.296750
74.5900,3.297125
74.6000,3.297500
74.6100,3.297875
74.6200,3.298250
74.6300,3.298625
74.6400,3.299000
74.6500,3.299375
74.6600,3.299750
74.6700,3.300125
74.6800,3.300500
74.6900,3.300875
74.7000,3.301250
74.7100,3.301625
74.7200,3.302000
74.7300,3.302375
74.7400,3.302750
74.7500,3.303125
74.7600,3.303500
74.7700,3.303875
74.7800,3.304250
74.7900,3.304625
74.8000,3.305000
74.8100,3.305375
74.8200,3.305750
74.8300,3.306125
74.8400,3.306500
74.8500,3.306875
74.8600,3.307250
74.8700,3.307625
74.8800,3.308000
74.8900,3.308375
74.9000,3.308750
74.9100,3.309125
74.9200,3.309500
74.9300,3.309875
74.9400,3.310250
74.9500,3.310625
74.9600,3.311000
74.9700,3.311375
74.9800,3.311750
74.9900,3.312125
75.0000,3.312500
75.0100,3.312875
75.0200,3.313250
75.0300,3.313625
75.0400,3.314000
75.0500,3.314375
75.0600,3.314750
75.0700,3.315125
75.0800,3.315500
75.0900,3.315875
75.1000,3.316250
75.1100,3.316625
75.1200,3.317000
75.1300,3.317375
75.1400,3.317750
75.1500,3.318125
75.1600,3.318500
75.1700,3.318875
75.1800,3.319250
75.1900,3.319625
75.2000,3.320000
75.2100,3.320375
75.2200,3.320750
75.2300,3.321125
75.2400,3.321500
75.2500,3.321875
75.2600,3.322250
75.2700,3.322625
75.2800,3.323000
75.2900,3.323375
75.3000,3.323750
75.3100,3.324125
75.3200,3.324500
75.3300,3.324875
75.3400,3.325250
75.3500,3.325625
75.3600,3.326000
75.3700,3.326375
75.3800,3.326750
75.3900,3.327125
75.4000,3.327500
75.4100,3.327875
75.4200,3.328250
75.4300,3.328625
75.4400,3.329000
75.4500,3.329375
75.4600,3.329750
75.4700,3.330125
75.4800,3.330500
75.4900,3.330875
75.5000,3.331250
75.5100,3.331625
75.5200,3.332000
75.5300,3.332375
75.5400,3.332750
75.5500,3.333125
75.5600,3.333500
75.5700,3.333875
75.5800,3.334250
75.5900,3.334625
75.6000,3.335000
75.6100,3.335375
75.6200,3.335750
75.6300,3.336125
75.6400,3.336500
75.6500,3.336875
75.6600,3.337250
75.6700,3.337625
75.6800,3.338000
75.6900,3.338375
75.7000,3.338750
75.7100,3.339125
75.7200,3.339500
75.7300,3.339875
75.7400,3.340250
75.7500,3.340625
75.7600,3.341000
75.7700,3.341375
75.7800,3.341750
75.7900,3.342125
75.8000,3.342500
75.8100,3.342875
75.8200,3.343250
75.8300,3.343625
75.8400,3.344000
75.8500,3.344375
75.8600,3.344750
75.8700,3.345125
75.8800,3.345500
75.8900,3.345875
75.9000,3.346250
75.9100,3.346625
75.9200,3.347000
75.9300,3.347375
75.9400,3.347750
75.9500,3.348125
75.9600,3.348500
75.9700,3.348875
75.9800,3.349250
75.9900,3.349625
76.0000,3.350000
76.0100,3.350375
76.0200,3.350750
76.0300,3.351125
76.0400,3.351500
76.0500,3.351875
76.0600,3.352250
76.0700,3.352625
76.0800,3.353000
76.0900,3.353375
76.1000,3.353750
76.1100,3.354125
76.1200,3.354500
76.1300,3.354875
76.1400,3.355250
76.1500,3.355625
76.1600,3.356000
76.1700,3.356375
76.1800,3.356750
76.1900,3.357125
76.2000,3.357500
76.2100,3.357875
76.2200,3.358250
76.2300,3.358625
76.2400,3.359000
76.2500,3.359375
76.2600,3.359750
76.2700,3.360125
76.2800,3.360500
76.2900,3.360875
76.3000,3.361250
76.3100,3.361625
76.3200,3.362000
76.3300,3.362375
76.3400,3.362750
76.3500,3.363125
76.3600,3.363500
76.3700,3.363875
76.3800,3.364250
76.3900,3.364625
76.4000,3.365000
76.4100,3.365375
76.4200,3.365750
76.4300,3.366125
76.4400,3.366500
76.4500,3.366875
76.4600,3.367250
76.4700,3.367625
76.4800,3.368000
76.4900,3.368375
76.5000,3.368750
76.5100,3.369125
76.5200,3.369500
76.5300,3.369875
76.5400,3.370250
76.5500,3.370625
76.5600,3.371000
76.5700,3.371375
76.5800,3.371750
76.5900,3.372125
76.6000,3.372500
76.6100,3.372875
76.6200,3.373250
76.6300,3.373625
76.6400,3.374000
76.6500,3.374375
76.6600,3.374750
76.6700,3.375125
76.6800,3.375500
76.6900,3.375875
76.7000,3.376250
76.7100,3.376625
76.7200,3.377000
76.7300,3.377375
76.7400,3.377750
76.7500,3.378125
76.7600,3.378500
76.7700,3.378875
76.7800,3.379250
76.7900,3.379625
76.8000,3.380000
76.8100,3.380375
76.8200,3.380750
76.8300,3.381125
76.8400,3.381500
76.8500,3.381875
76.8600,3.382250
76.8700,3.382625
76.8800,3.383000
76.8900,3.383375
76.9000,3.383750
76.9100,3.384125
76.9200,3.384500
76.9300,3.384875
76.9400,3.385250
76.9500,3.385625
76.9600,3.386000
76.9700,3.386375
76.9800,3.386750
76.9900,3.387125
77.0000,3.387500
77.0100,3.387875
77.0200,3.388250
77.0300,3.388625
77.0400,3.389000
77.0500,3.389375
77.0600,3.389750
77.0700,3.390125
77.0800,3.390500
77.0900,3.390875
77.1000,3.391250
77.1100,3.391625
77.1200,3.392000
77.1300,3.392375
77.1400,3.392750
77.1500,3.393125
77.1600,3.393500
77.1700,3.393875
77.1800,3.394250
77.1900,3.394625
77.2000,3.395000
77.2100,3.395375
77.2200,3.395750
77.2300,3.396125
77.2400,3.396500
77.2500,3.396875
77.2600,3.397250
77.2700,3.397625
77.2800,3.398000
77.2900,3.398375
77.3000,3.398750
77.3100,3.399125
77.3200,3.399500
77.3300,3.399875
77.3400,3.400250
77.3500,3.400625
77.3600,3.401000
77.3700,3.401375
77.3800,3.401750
77.3900,3.402125
77.4000,3.402500
77.4100,3.402875
77.4200,3.403250
77.4300,3.403625
77.4400,3.404000
77.4500,3.404375
77.4600,3.404750
77.4700,3.405125
77.4800,3.405500
77.4900,3.405875
77.5000,3.406250
77.5100,3.406625
77.5200,3.407000
77.5300,3.407375
77.5400,3.407750
77.5500,3.408125
77.5600,3.408500
77.5700,3.408875
77.5800,3.409250
77.5900,3.409625
77.6000,3.410000
77.6100,3.410375
77.6200,3.410750
77.6300,3.411125
77.6400,3.411500
77.6500,3.411875
77.6600,3.412250
77.6700,3.412625
77.6800,3.413000
77.6900,3.413375
77.7000,3.413750
77.7100,3.414125
77.7200,3.414500
77.7300,3.414875
77.7400,3.415250
77.7500,3.415625
77.7600,3.416000
77.7700,3.416375
77.7800,3.416750
77.7900,3.417125
77.8000,3.417500
77.8100,3.417875
77.8200,3.418250
77.8300,3.418625
77.8400,3.419000
77.8500,3.419375
77.8600,3.419750
77.8700,3.420125
77.8800,3.420500
77.8900,3.420875
77.9000,3.421250
77.9100,3.421625
77.9200,3.422000
77.9300,3.422375
77.9400,3.422750
77.9500,3.423125
77.9600,3.423500
77.9700,3.423875
77.9800,3.424250
77.9900,3.424625
78.0000,3.425000
78.0100,3.425375
78.0200,3.425750
78.0300,3.426125
78.0400,3.426500
78.0500,3.426875
78.0600,3.427250
78.0700,3.427625
78.0800,3.428000
78.0900,3.428375
78.1000,3.428750
78.1100,3.429125
78.1200,3.429500
78.1300,3.429875
78.1400,3.430250
78.1500,3.430625
78.1600,3.431000
78.1700,3.431375
78.1800,3.431750
78.1900,3.432125
78.2000,3.432500
78.2100,3.432875
78.2200,3.433250
78.2300,3.433625
78.2400,3.434000
78.2500,3.434375
78.2600,3.434750
78.2700,3.435125
78.2800,3.435500
78.2900,3.435875
78.3000,3.436250
78.3100,3.436625
78.3200,3.437000
78.3300,3.437375
78.3400,3.437750
78.3500,3.438125
78.3600,3.438500
78.3700,3.438875
78.3800,3.439250
78.3900,3.439625
78.4000,3.440000
78.4100,3.440375
78.4200,3.440750
78.4300,3.441125
78.4400,3.441500
78.4500,3.441875
78.4600,3.442250
78.4700,3.442625
78.4800,3.443000
78.4900,3.443375
78.5000,3.443750
78.5100,3.444125
78.5200,3.444500
78.5300,3.444875
78.5400,3.445250
78.5500,3.445625
78.5600,3.446000
78.5700,3.446375
78.5800,3.446750
78.5900,3.447125
78.6000,3.447500
78.6100,3.447875
78.6200,3.448250
78.6300,3.448625
78.6400,3.449000
78.6500,3.449375
78.6600,3.449750
78.6700,3.450125
78.6800,3.450500
78.6900,3.450875
78.7000,3.451250
78.7100,3.451625
78.7200,3.452000
78.7300,3.452375
78.7400,3.452750
78.7500,3.453125
78.7600,3.453500
78.7700,3.453875
78.7800,3.454250
78.7900,3.454625
78.8000,3.455000
78.8100,3.455375
78.8200,3.455750
78.8300,3.456125
78.8400,3.456500
78.8500,3.456875
78.8600,3.457250
78.8700,3.457625
78.8800,3.458000
78.8900,3.458375
78.9000,3.458750
78.9100,3.459125
78.9200,3.459500
78.9300,3.459875
78.9400,3.460250
78.9500,3.460625
78.9600,3.461000
78.9700,3.461375
78.9800,3.461750
78.9900,3.462125
79.0000,3.462500
79.0100,3.462875
79.0200,3.463250
79.0300,3.463625
79.0400,3.464000
79.0500,3.464375
79.0600,3.464750
79.0700,3.465125
79.0800,3.465500
79.0900,3.465875
79.1000,3.466250
79.1100,3.466625
79.1200,3.467000
79.1300,3.467375
79.1400,3.467750
79.1500,3.468125
79.1600,3.468500
79.1700,3.468875
79.1800,3.469250
79.1900,3.469625
79.2000,3.470000
79.2100,3.470375
79.2200,3.470750
79.2300,3.471125
79.2400,3.471500
79.2500,3.471875
79.2600,3.472250
79.2700,3.472625
79.2800,3.473000
79.2900,3.473375
79.3000,3.473750
79.3100,3.474125
79.3200,3.474500
79.3300,3.474875
79.3400,3.475250
79.3500,3.475625
79.3600,3.476000
79.3700,3.476375
79.3800,3.476750
79.3900,3.477125
79.4000,3.477500
79.4100,3.477875
79.4200,3.478250
79.4300,3.478625
79.4400,3.479000
79.4500,3.479375
79.4600,3.479750
79.4700,3.480125
79.4800,3.480500
79.4900,3.480875
79.5000,3.481250
79.5100,3.481625
79.5200,3.482000
79.5300,3.482375
79.5400,3.482750
79.5500,3.483125
79.5600,3.483500
79.5700,3.483875
79.5800,3.484250
79.5900,3.484625
79.6000,3.485000
79.6100,3.485375
79.6200,3.485750
79.6300,3.486125
79.6400,3.486500
79.6500,3.486875
79.6600,3.487250
79.6700,3.487625
79.6800,3.488000
79.6900,3.488375
79.7000,3.488750
79.7100,3.489125
79.7200,3.489500
79.7300,3.489875
79.7400,3.490250
79.7500,3.490625
79.7600,3.491000
79.7700,3.491375
79.7800,3.491750
79.7900,3.492125
79.8000,3.492500
79.8100,3.492875
79.8200,3.493250
79.8300,3.493625
79.8400,3.494000
79.8500,3.494375
79.8600,3.494750
79.8700,3.495125
79.8800,3.495500
79.8900,3.495875
79.9000,3.496250
79.9100,3.496625
79.9200,3.497000
79.9300,3.497375
79.9400,3.497750
79.9500,3.498125
79.9600,3.498500
79.9700,3.498875
79.9800,3.499250
79.9900,3.499625
80.0000,3.500000
